date,item,corporation,location,model,mean_answer
2023-11-01,BC,A,J,LSTM_3,844.8018422222223
2023-11-02,BC,A,J,LSTM_3,810.9160422222222
2023-11-03,BC,A,J,LSTM_3,941.006841111111
2023-11-04,BC,A,J,LSTM_3,1812.5540777777778
2023-11-05,BC,A,J,LSTM_3,0.0
2023-11-06,BC,A,J,LSTM_3,1718.955011111111
2023-11-07,BC,A,J,LSTM_3,1227.9226555555554
2023-11-08,BC,A,J,LSTM_3,2178.432466666667
2023-11-09,BC,A,J,LSTM_3,2246.2599999999998
2023-11-10,BC,A,J,LSTM_3,1018.0458922222222
2023-11-11,BC,A,J,LSTM_3,2537.0852555555557
2023-11-12,BC,A,J,LSTM_3,0.0
2023-11-13,BC,A,J,LSTM_3,2065.3033666666665
2023-11-14,BC,A,J,LSTM_3,1498.126088888889
2023-11-15,BC,A,J,LSTM_3,2678.827755555556
2023-11-16,BC,A,J,LSTM_3,4087.7979777777778
2023-11-17,BC,A,J,LSTM_3,787.31982
2023-11-18,BC,A,J,LSTM_3,3469.5593333333336
2023-11-19,BC,A,J,LSTM_3,0.0
2023-11-20,BC,A,J,LSTM_3,1774.0476666666666
2023-11-21,BC,A,J,LSTM_3,1657.6698666666666
2023-11-22,BC,A,J,LSTM_3,2581.038488888889
2023-11-23,BC,A,J,LSTM_3,3035.8494333333333
2023-11-24,BC,A,J,LSTM_3,533.4398755555555
2023-11-25,BC,A,J,LSTM_3,2593.5601
2023-11-26,BC,A,J,LSTM_3,0.0
2023-11-27,BC,A,J,LSTM_3,2628.0365333333334
2023-11-28,BC,A,J,LSTM_3,2009.9568333333332
2023-11-29,BC,A,J,LSTM_3,3412.4927555555555
2023-11-30,BC,A,J,LSTM_3,2403.186811111111
2023-12-01,BC,A,J,LSTM_3,587.7014382222222
2023-12-02,BC,A,J,LSTM_3,2882.987588888889
2023-12-03,BC,A,J,LSTM_3,0.0
2023-12-04,BC,A,J,LSTM_3,2666.7057000000004
2023-12-05,BC,A,J,LSTM_3,2414.7490888888888
2023-12-06,BC,A,J,LSTM_3,3235.8887333333337
2023-12-07,BC,A,J,LSTM_3,2652.3608555555556
2023-12-08,BC,A,J,LSTM_3,554.1816683333333
2023-12-09,BC,A,J,LSTM_3,2919.065922222222
2023-12-10,BC,A,J,LSTM_3,0.0
2023-12-11,BC,A,J,LSTM_3,3503.4357444444445
2023-12-12,BC,A,J,LSTM_3,2647.010733333333
2023-12-13,BC,A,J,LSTM_3,4270.639622222223
2023-12-14,BC,A,J,LSTM_3,3338.3606444444445
2023-12-15,BC,A,J,LSTM_3,631.7305755555556
2023-12-16,BC,A,J,LSTM_3,2889.796811111111
2023-12-17,BC,A,J,LSTM_3,0.0
2023-12-18,BC,A,J,LSTM_3,1797.7100777777778
2023-12-19,BC,A,J,LSTM_3,1470.0193555555554
2023-12-20,BC,A,J,LSTM_3,1982.0235444444443
2023-12-21,BC,A,J,LSTM_3,1885.857722222222
2023-12-22,BC,A,J,LSTM_3,672.9031566666666
2023-12-23,BC,A,J,LSTM_3,2310.681422222222
2023-12-24,BC,A,J,LSTM_3,0.0
2023-12-25,BC,A,J,LSTM_3,1865.4239
2023-12-26,BC,A,J,LSTM_3,1627.0974111111111
2023-12-27,BC,A,J,LSTM_3,2585.938388888889
2023-12-28,BC,A,J,LSTM_3,2507.1213666666667
2023-12-29,BC,A,J,LSTM_3,787.4046822222223
2023-12-30,BC,A,J,LSTM_3,2167.7447666666667
2023-12-31,BC,A,J,LSTM_3,0.0
2023-11-01,BC,A,S,LSTM_3,337.3938144444444
2023-11-02,BC,A,S,LSTM_3,340.73145
2023-11-03,BC,A,S,LSTM_3,866.3504811111111
2023-11-04,BC,A,S,LSTM_3,1110.192198888889
2023-11-05,BC,A,S,LSTM_3,0.0
2023-11-06,BC,A,S,LSTM_3,382.82289555555553
2023-11-07,BC,A,S,LSTM_3,365.6677138888889
2023-11-08,BC,A,S,LSTM_3,810.4613666666668
2023-11-09,BC,A,S,LSTM_3,348.33933777777776
2023-11-10,BC,A,S,LSTM_3,917.2558644444445
2023-11-11,BC,A,S,LSTM_3,377.47342000000003
2023-11-12,BC,A,S,LSTM_3,0.0
2023-11-13,BC,A,S,LSTM_3,1725.2767777777779
2023-11-14,BC,A,S,LSTM_3,1105.2355300000002
2023-11-15,BC,A,S,LSTM_3,1901.440983333333
2023-11-16,BC,A,S,LSTM_3,1302.270248888889
2023-11-17,BC,A,S,LSTM_3,686.2818362222222
2023-11-18,BC,A,S,LSTM_3,2458.2831777777774
2023-11-19,BC,A,S,LSTM_3,0.0
2023-11-20,BC,A,S,LSTM_3,1618.2843577777778
2023-11-21,BC,A,S,LSTM_3,1576.03625
2023-11-22,BC,A,S,LSTM_3,3227.0378333333338
2023-11-23,BC,A,S,LSTM_3,3575.7685299999994
2023-11-24,BC,A,S,LSTM_3,471.9838504444445
2023-11-25,BC,A,S,LSTM_3,2649.5188344444446
2023-11-26,BC,A,S,LSTM_3,0.0
2023-11-27,BC,A,S,LSTM_3,2539.829413333333
2023-11-28,BC,A,S,LSTM_3,1854.2753688888888
2023-11-29,BC,A,S,LSTM_3,3083.4692466666665
2023-11-30,BC,A,S,LSTM_3,1756.227447777778
2023-12-01,BC,A,S,LSTM_3,554.3993811111111
2023-12-02,BC,A,S,LSTM_3,2835.429874444444
2023-12-03,BC,A,S,LSTM_3,0.0
2023-12-04,BC,A,S,LSTM_3,2675.8865633333335
2023-12-05,BC,A,S,LSTM_3,1882.283722222222
2023-12-06,BC,A,S,LSTM_3,2925.509964444444
2023-12-07,BC,A,S,LSTM_3,2030.4101077777782
2023-12-08,BC,A,S,LSTM_3,547.1203655555555
2023-12-09,BC,A,S,LSTM_3,2572.812693333333
2023-12-10,BC,A,S,LSTM_3,0.0
2023-12-11,BC,A,S,LSTM_3,3162.624252222222
2023-12-12,BC,A,S,LSTM_3,2378.8532444444445
2023-12-13,BC,A,S,LSTM_3,4008.617854444444
2023-12-14,BC,A,S,LSTM_3,2688.595073333334
2023-12-15,BC,A,S,LSTM_3,549.724101111111
2023-12-16,BC,A,S,LSTM_3,2507.95549
2023-12-17,BC,A,S,LSTM_3,0.0
2023-12-18,BC,A,S,LSTM_3,1713.3495344444445
2023-12-19,BC,A,S,LSTM_3,850.3762261111111
2023-12-20,BC,A,S,LSTM_3,1510.6026333333332
2023-12-21,BC,A,S,LSTM_3,1444.9436466666666
2023-12-22,BC,A,S,LSTM_3,587.3620233333334
2023-12-23,BC,A,S,LSTM_3,1987.4682111111115
2023-12-24,BC,A,S,LSTM_3,0.0
2023-12-25,BC,A,S,LSTM_3,1846.9173588888889
2023-12-26,BC,A,S,LSTM_3,1531.1742988888889
2023-12-27,BC,A,S,LSTM_3,2176.958235555556
2023-12-28,BC,A,S,LSTM_3,1924.6007366666668
2023-12-29,BC,A,S,LSTM_3,690.4418811111111
2023-12-30,BC,A,S,LSTM_3,1840.6176300000002
2023-12-31,BC,A,S,LSTM_3,0.0
2023-11-01,BC,B,J,LSTM_3,232.10295055555557
2023-11-02,BC,B,J,LSTM_3,296.8448333333333
2023-11-03,BC,B,J,LSTM_3,1042.1396455555555
2023-11-04,BC,B,J,LSTM_3,406.8167188888889
2023-11-05,BC,B,J,LSTM_3,0.0
2023-11-06,BC,B,J,LSTM_3,473.7002866666666
2023-11-07,BC,B,J,LSTM_3,233.90034822222216
2023-11-08,BC,B,J,LSTM_3,670.6837911111111
2023-11-09,BC,B,J,LSTM_3,293.6590066666667
2023-11-10,BC,B,J,LSTM_3,629.4727544444445
2023-11-11,BC,B,J,LSTM_3,623.69698
2023-11-12,BC,B,J,LSTM_3,0.0
2023-11-13,BC,B,J,LSTM_3,276.70534444444445
2023-11-14,BC,B,J,LSTM_3,255.20253555555553
2023-11-15,BC,B,J,LSTM_3,242.65218555555555
2023-11-16,BC,B,J,LSTM_3,564.0743655555556
2023-11-17,BC,B,J,LSTM_3,606.03584
2023-11-18,BC,B,J,LSTM_3,505.1825255555555
2023-11-19,BC,B,J,LSTM_3,0.0
2023-11-20,BC,B,J,LSTM_3,400.14226666666667
2023-11-21,BC,B,J,LSTM_3,253.59935111111113
2023-11-22,BC,B,J,LSTM_3,490.79494888888894
2023-11-23,BC,B,J,LSTM_3,502.70936444444436
2023-11-24,BC,B,J,LSTM_3,486.31523111111113
2023-11-25,BC,B,J,LSTM_3,413.6653422222223
2023-11-26,BC,B,J,LSTM_3,0.0
2023-11-27,BC,B,J,LSTM_3,359.6064811111111
2023-11-28,BC,B,J,LSTM_3,248.3895366666667
2023-11-29,BC,B,J,LSTM_3,409.3514755555555
2023-11-30,BC,B,J,LSTM_3,417.3353755555556
2023-12-01,BC,B,J,LSTM_3,324.3525511111111
2023-12-02,BC,B,J,LSTM_3,275.4940266666667
2023-12-03,BC,B,J,LSTM_3,0.0
2023-12-04,BC,B,J,LSTM_3,1058.8912622222224
2023-12-05,BC,B,J,LSTM_3,899.3263311111111
2023-12-06,BC,B,J,LSTM_3,440.7961977777778
2023-12-07,BC,B,J,LSTM_3,1550.1991555555555
2023-12-08,BC,B,J,LSTM_3,508.8724555555556
2023-12-09,BC,B,J,LSTM_3,1746.5221177777776
2023-12-10,BC,B,J,LSTM_3,0.0
2023-12-11,BC,B,J,LSTM_3,339.47915
2023-12-12,BC,B,J,LSTM_3,270.0013955555556
2023-12-13,BC,B,J,LSTM_3,534.7770022222222
2023-12-14,BC,B,J,LSTM_3,509.88637111111115
2023-12-15,BC,B,J,LSTM_3,337.79294444444446
2023-12-16,BC,B,J,LSTM_3,2516.879516666667
2023-12-17,BC,B,J,LSTM_3,0.0
2023-12-18,BC,B,J,LSTM_3,1768.5168888888888
2023-12-19,BC,B,J,LSTM_3,260.03647555555557
2023-12-20,BC,B,J,LSTM_3,1951.3308777777775
2023-12-21,BC,B,J,LSTM_3,1356.4927044444444
2023-12-22,BC,B,J,LSTM_3,624.1515666666668
2023-12-23,BC,B,J,LSTM_3,1841.939185555556
2023-12-24,BC,B,J,LSTM_3,0.0
2023-12-25,BC,B,J,LSTM_3,385.8670611111111
2023-12-26,BC,B,J,LSTM_3,1061.3705688888888
2023-12-27,BC,B,J,LSTM_3,1156.6928666666668
2023-12-28,BC,B,J,LSTM_3,1748.2167111111112
2023-12-29,BC,B,J,LSTM_3,732.3332377777779
2023-12-30,BC,B,J,LSTM_3,1478.24184
2023-12-31,BC,B,J,LSTM_3,0.0
2023-11-01,BC,B,S,LSTM_3,6.386670555555555
2023-11-02,BC,B,S,LSTM_3,6.3548671444444444
2023-11-03,BC,B,S,LSTM_3,6.568752722222222
2023-11-04,BC,B,S,LSTM_3,6.392818411111111
2023-11-05,BC,B,S,LSTM_3,0.0
2023-11-06,BC,B,S,LSTM_3,6.461745666666667
2023-11-07,BC,B,S,LSTM_3,6.365682966666666
2023-11-08,BC,B,S,LSTM_3,6.386670555555555
2023-11-09,BC,B,S,LSTM_3,6.3548671444444444
2023-11-10,BC,B,S,LSTM_3,6.568752722222222
2023-11-11,BC,B,S,LSTM_3,6.392818411111111
2023-11-12,BC,B,S,LSTM_3,0.0
2023-11-13,BC,B,S,LSTM_3,6.461745666666667
2023-11-14,BC,B,S,LSTM_3,6.365682966666666
2023-11-15,BC,B,S,LSTM_3,6.386670555555555
2023-11-16,BC,B,S,LSTM_3,6.3548671444444444
2023-11-17,BC,B,S,LSTM_3,6.568752722222222
2023-11-18,BC,B,S,LSTM_3,6.392818411111111
2023-11-19,BC,B,S,LSTM_3,0.0
2023-11-20,BC,B,S,LSTM_3,6.461745666666667
2023-11-21,BC,B,S,LSTM_3,6.365682966666666
2023-11-22,BC,B,S,LSTM_3,6.386670555555555
2023-11-23,BC,B,S,LSTM_3,6.3548671444444444
2023-11-24,BC,B,S,LSTM_3,6.568752722222222
2023-11-25,BC,B,S,LSTM_3,6.392818411111111
2023-11-26,BC,B,S,LSTM_3,0.0
2023-11-27,BC,B,S,LSTM_3,6.461745666666667
2023-11-28,BC,B,S,LSTM_3,6.365682966666666
2023-11-29,BC,B,S,LSTM_3,6.386670555555555
2023-11-30,BC,B,S,LSTM_3,6.3548671444444444
2023-12-01,BC,B,S,LSTM_3,6.568751977777778
2023-12-02,BC,B,S,LSTM_3,6.392817522222222
2023-12-03,BC,B,S,LSTM_3,0.0
2023-12-04,BC,B,S,LSTM_3,6.461745666666667
2023-12-05,BC,B,S,LSTM_3,6.365682966666666
2023-12-06,BC,B,S,LSTM_3,6.386670555555555
2023-12-07,BC,B,S,LSTM_3,6.3548671444444444
2023-12-08,BC,B,S,LSTM_3,6.568752722222222
2023-12-09,BC,B,S,LSTM_3,6.392818411111111
2023-12-10,BC,B,S,LSTM_3,0.0
2023-12-11,BC,B,S,LSTM_3,6.461745666666667
2023-12-12,BC,B,S,LSTM_3,6.365682966666666
2023-12-13,BC,B,S,LSTM_3,6.386670555555555
2023-12-14,BC,B,S,LSTM_3,6.3548671444444444
2023-12-15,BC,B,S,LSTM_3,6.568752722222222
2023-12-16,BC,B,S,LSTM_3,6.392818411111111
2023-12-17,BC,B,S,LSTM_3,0.0
2023-12-18,BC,B,S,LSTM_3,6.461745666666667
2023-12-19,BC,B,S,LSTM_3,6.365682966666666
2023-12-20,BC,B,S,LSTM_3,6.386670555555555
2023-12-21,BC,B,S,LSTM_3,6.3548671444444444
2023-12-22,BC,B,S,LSTM_3,6.568752722222222
2023-12-23,BC,B,S,LSTM_3,6.392818411111111
2023-12-24,BC,B,S,LSTM_3,0.0
2023-12-25,BC,B,S,LSTM_3,6.461745666666667
2023-12-26,BC,B,S,LSTM_3,6.365682966666666
2023-12-27,BC,B,S,LSTM_3,6.386670555555555
2023-12-28,BC,B,S,LSTM_3,6.3548671444444444
2023-12-29,BC,B,S,LSTM_3,6.568752722222222
2023-12-30,BC,B,S,LSTM_3,6.392818411111111
2023-12-31,BC,B,S,LSTM_3,0.0
2023-11-01,BC,C,J,LSTM_3,273.80672
2023-11-02,BC,C,J,LSTM_3,263.5381054333333
2023-11-03,BC,C,J,LSTM_3,322.42833777777776
2023-11-04,BC,C,J,LSTM_3,470.45485555555547
2023-11-05,BC,C,J,LSTM_3,0.0
2023-11-06,BC,C,J,LSTM_3,288.2549372777778
2023-11-07,BC,C,J,LSTM_3,244.1771707222222
2023-11-08,BC,C,J,LSTM_3,469.1894522222222
2023-11-09,BC,C,J,LSTM_3,247.8281468555556
2023-11-10,BC,C,J,LSTM_3,298.5925594111111
2023-11-11,BC,C,J,LSTM_3,525.5818866666667
2023-11-12,BC,C,J,LSTM_3,0.0
2023-11-13,BC,C,J,LSTM_3,322.26213888888896
2023-11-14,BC,C,J,LSTM_3,246.89033368888892
2023-11-15,BC,C,J,LSTM_3,433.7404488888889
2023-11-16,BC,C,J,LSTM_3,395.31132777777776
2023-11-17,BC,C,J,LSTM_3,299.9145314222222
2023-11-18,BC,C,J,LSTM_3,260.51553311111115
2023-11-19,BC,C,J,LSTM_3,0.0
2023-11-20,BC,C,J,LSTM_3,592.84278
2023-11-21,BC,C,J,LSTM_3,246.54661818888886
2023-11-22,BC,C,J,LSTM_3,247.01228022222222
2023-11-23,BC,C,J,LSTM_3,1688.511318888889
2023-11-24,BC,C,J,LSTM_3,303.3914017222222
2023-11-25,BC,C,J,LSTM_3,316.24639444444443
2023-11-26,BC,C,J,LSTM_3,0.0
2023-11-27,BC,C,J,LSTM_3,277.4260744444444
2023-11-28,BC,C,J,LSTM_3,248.1399420222222
2023-11-29,BC,C,J,LSTM_3,247.44526227777774
2023-11-30,BC,C,J,LSTM_3,984.4119088888888
2023-12-01,BC,C,J,LSTM_3,461.4082966666666
2023-12-02,BC,C,J,LSTM_3,1715.3208666666667
2023-12-03,BC,C,J,LSTM_3,0.0
2023-12-04,BC,C,J,LSTM_3,1127.822088888889
2023-12-05,BC,C,J,LSTM_3,248.20453503333334
2023-12-06,BC,C,J,LSTM_3,1523.376958888889
2023-12-07,BC,C,J,LSTM_3,1930.4804844444443
2023-12-08,BC,C,J,LSTM_3,546.02717
2023-12-09,BC,C,J,LSTM_3,1338.927851111111
2023-12-10,BC,C,J,LSTM_3,0.0
2023-12-11,BC,C,J,LSTM_3,412.59630888888887
2023-12-12,BC,C,J,LSTM_3,2010.3844222222226
2023-12-13,BC,C,J,LSTM_3,462.9985988888889
2023-12-14,BC,C,J,LSTM_3,2459.389011111111
2023-12-15,BC,C,J,LSTM_3,497.49359555555554
2023-12-16,BC,C,J,LSTM_3,2007.7416455555556
2023-12-17,BC,C,J,LSTM_3,0.0
2023-12-18,BC,C,J,LSTM_3,1333.8602111111113
2023-12-19,BC,C,J,LSTM_3,1101.6784133333333
2023-12-20,BC,C,J,LSTM_3,1247.5124677777776
2023-12-21,BC,C,J,LSTM_3,1038.8435533333331
2023-12-22,BC,C,J,LSTM_3,310.4255166666667
2023-12-23,BC,C,J,LSTM_3,1180.5965655555556
2023-12-24,BC,C,J,LSTM_3,0.0
2023-12-25,BC,C,J,LSTM_3,1120.06755
2023-12-26,BC,C,J,LSTM_3,1100.5567611111112
2023-12-27,BC,C,J,LSTM_3,1693.443481111111
2023-12-28,BC,C,J,LSTM_3,1872.1980555555556
2023-12-29,BC,C,J,LSTM_3,518.0749411111111
2023-12-30,BC,C,J,LSTM_3,1449.3632311111112
2023-12-31,BC,C,J,LSTM_3,0.0
2023-11-01,BC,C,S,LSTM_3,5.825593444444445
2023-11-02,BC,C,S,LSTM_3,6.2215039999999995
2023-11-03,BC,C,S,LSTM_3,6.604312444444445
2023-11-04,BC,C,S,LSTM_3,6.326069555555555
2023-11-05,BC,C,S,LSTM_3,0.0
2023-11-06,BC,C,S,LSTM_3,6.4411538888888895
2023-11-07,BC,C,S,LSTM_3,6.2145878888888895
2023-11-08,BC,C,S,LSTM_3,6.227432888888888
2023-11-09,BC,C,S,LSTM_3,6.2208107777777775
2023-11-10,BC,C,S,LSTM_3,6.604312444444445
2023-11-11,BC,C,S,LSTM_3,6.326069555555555
2023-11-12,BC,C,S,LSTM_3,0.0
2023-11-13,BC,C,S,LSTM_3,6.4411538888888895
2023-11-14,BC,C,S,LSTM_3,6.2145878888888895
2023-11-15,BC,C,S,LSTM_3,6.227432888888888
2023-11-16,BC,C,S,LSTM_3,6.2208107777777775
2023-11-17,BC,C,S,LSTM_3,6.604312444444445
2023-11-18,BC,C,S,LSTM_3,6.326069555555555
2023-11-19,BC,C,S,LSTM_3,0.0
2023-11-20,BC,C,S,LSTM_3,6.4411538888888895
2023-11-21,BC,C,S,LSTM_3,6.2145878888888895
2023-11-22,BC,C,S,LSTM_3,6.227432888888888
2023-11-23,BC,C,S,LSTM_3,6.2208107777777775
2023-11-24,BC,C,S,LSTM_3,6.604312444444445
2023-11-25,BC,C,S,LSTM_3,6.326069555555555
2023-11-26,BC,C,S,LSTM_3,0.0
2023-11-27,BC,C,S,LSTM_3,6.4411538888888895
2023-11-28,BC,C,S,LSTM_3,6.2145878888888895
2023-11-29,BC,C,S,LSTM_3,6.227432888888888
2023-11-30,BC,C,S,LSTM_3,6.2208107777777775
2023-12-01,BC,C,S,LSTM_3,6.604312666666667
2023-12-02,BC,C,S,LSTM_3,6.326068333333333
2023-12-03,BC,C,S,LSTM_3,0.0
2023-12-04,BC,C,S,LSTM_3,6.4411538888888895
2023-12-05,BC,C,S,LSTM_3,6.2145878888888895
2023-12-06,BC,C,S,LSTM_3,6.227432888888888
2023-12-07,BC,C,S,LSTM_3,6.2208107777777775
2023-12-08,BC,C,S,LSTM_3,6.604312444444445
2023-12-09,BC,C,S,LSTM_3,6.326069555555555
2023-12-10,BC,C,S,LSTM_3,0.0
2023-12-11,BC,C,S,LSTM_3,6.4411538888888895
2023-12-12,BC,C,S,LSTM_3,6.2145878888888895
2023-12-13,BC,C,S,LSTM_3,6.227432888888888
2023-12-14,BC,C,S,LSTM_3,6.2208107777777775
2023-12-15,BC,C,S,LSTM_3,6.604312444444445
2023-12-16,BC,C,S,LSTM_3,6.326069555555555
2023-12-17,BC,C,S,LSTM_3,0.0
2023-12-18,BC,C,S,LSTM_3,6.4411538888888895
2023-12-19,BC,C,S,LSTM_3,6.2145878888888895
2023-12-20,BC,C,S,LSTM_3,5.731536999999999
2023-12-21,BC,C,S,LSTM_3,6.221674888888889
2023-12-22,BC,C,S,LSTM_3,6.604312444444445
2023-12-23,BC,C,S,LSTM_3,6.326069555555555
2023-12-24,BC,C,S,LSTM_3,0.0
2023-12-25,BC,C,S,LSTM_3,6.4411538888888895
2023-12-26,BC,C,S,LSTM_3,6.2145878888888895
2023-12-27,BC,C,S,LSTM_3,6.227432888888888
2023-12-28,BC,C,S,LSTM_3,6.2208107777777775
2023-12-29,BC,C,S,LSTM_3,6.604312444444445
2023-12-30,BC,C,S,LSTM_3,6.326069555555555
2023-12-31,BC,C,S,LSTM_3,0.0
2023-11-01,BC,D,J,LSTM_3,1815.4941522222225
2023-11-02,BC,D,J,LSTM_3,1178.4772522222222
2023-11-03,BC,D,J,LSTM_3,1613.7550222222224
2023-11-04,BC,D,J,LSTM_3,1572.4985555555556
2023-11-05,BC,D,J,LSTM_3,0.0
2023-11-06,BC,D,J,LSTM_3,1162.8448133333334
2023-11-07,BC,D,J,LSTM_3,374.74323277777773
2023-11-08,BC,D,J,LSTM_3,1916.2166844444446
2023-11-09,BC,D,J,LSTM_3,1664.054418888889
2023-11-10,BC,D,J,LSTM_3,1730.9194033333335
2023-11-11,BC,D,J,LSTM_3,1501.7472366666666
2023-11-12,BC,D,J,LSTM_3,0.0
2023-11-13,BC,D,J,LSTM_3,919.7135155555557
2023-11-14,BC,D,J,LSTM_3,1598.7371377777777
2023-11-15,BC,D,J,LSTM_3,1341.5819033333335
2023-11-16,BC,D,J,LSTM_3,1472.1497033333335
2023-11-17,BC,D,J,LSTM_3,1458.3157811111112
2023-11-18,BC,D,J,LSTM_3,4540.8115777777775
2023-11-19,BC,D,J,LSTM_3,0.0
2023-11-20,BC,D,J,LSTM_3,2297.3390611111113
2023-11-21,BC,D,J,LSTM_3,149.56322803444445
2023-11-22,BC,D,J,LSTM_3,1107.7119488888889
2023-11-23,BC,D,J,LSTM_3,968.0228544444445
2023-11-24,BC,D,J,LSTM_3,779.4681155555555
2023-11-25,BC,D,J,LSTM_3,3313.488033333333
2023-11-26,BC,D,J,LSTM_3,0.0
2023-11-27,BC,D,J,LSTM_3,664.3825511111111
2023-11-28,BC,D,J,LSTM_3,2241.7659777777776
2023-11-29,BC,D,J,LSTM_3,3226.6839555555557
2023-11-30,BC,D,J,LSTM_3,2858.897222222223
2023-12-01,BC,D,J,LSTM_3,1158.4630722222223
2023-12-02,BC,D,J,LSTM_3,3824.3345333333336
2023-12-03,BC,D,J,LSTM_3,0.0
2023-12-04,BC,D,J,LSTM_3,3332.0101000000004
2023-12-05,BC,D,J,LSTM_3,2186.5201955555553
2023-12-06,BC,D,J,LSTM_3,3022.2037222222225
2023-12-07,BC,D,J,LSTM_3,2715.605344444444
2023-12-08,BC,D,J,LSTM_3,1003.0760622222222
2023-12-09,BC,D,J,LSTM_3,3451.945366666667
2023-12-10,BC,D,J,LSTM_3,0.0
2023-12-11,BC,D,J,LSTM_3,3757.4124
2023-12-12,BC,D,J,LSTM_3,3171.061955555556
2023-12-13,BC,D,J,LSTM_3,4628.5798888888885
2023-12-14,BC,D,J,LSTM_3,3891.1841333333336
2023-12-15,BC,D,J,LSTM_3,1079.1499222222221
2023-12-16,BC,D,J,LSTM_3,3462.869777777778
2023-12-17,BC,D,J,LSTM_3,0.0
2023-12-18,BC,D,J,LSTM_3,2705.8486444444447
2023-12-19,BC,D,J,LSTM_3,2433.085114444444
2023-12-20,BC,D,J,LSTM_3,2710.531822222222
2023-12-21,BC,D,J,LSTM_3,2319.779451111111
2023-12-22,BC,D,J,LSTM_3,1156.8790511111113
2023-12-23,BC,D,J,LSTM_3,3000.5075333333334
2023-12-24,BC,D,J,LSTM_3,0.0
2023-12-25,BC,D,J,LSTM_3,2444.567438888889
2023-12-26,BC,D,J,LSTM_3,2359.4588722222225
2023-12-27,BC,D,J,LSTM_3,3004.364066666667
2023-12-28,BC,D,J,LSTM_3,2996.882877777778
2023-12-29,BC,D,J,LSTM_3,1399.3569911111108
2023-12-30,BC,D,J,LSTM_3,2801.636122222222
2023-12-31,BC,D,J,LSTM_3,0.0
2023-11-01,BC,E,J,LSTM_3,740.8072177777779
2023-11-02,BC,E,J,LSTM_3,937.6208166666667
2023-11-03,BC,E,J,LSTM_3,970.4492844444444
2023-11-04,BC,E,J,LSTM_3,924.5333833333334
2023-11-05,BC,E,J,LSTM_3,0.0
2023-11-06,BC,E,J,LSTM_3,526.880498888889
2023-11-07,BC,E,J,LSTM_3,823.0018922222221
2023-11-08,BC,E,J,LSTM_3,909.7142777777776
2023-11-09,BC,E,J,LSTM_3,1849.6972444444446
2023-11-10,BC,E,J,LSTM_3,958.8948166666667
2023-11-11,BC,E,J,LSTM_3,809.8918900000001
2023-11-12,BC,E,J,LSTM_3,0.0
2023-11-13,BC,E,J,LSTM_3,2224.9580222222226
2023-11-14,BC,E,J,LSTM_3,1385.76304
2023-11-15,BC,E,J,LSTM_3,2856.290244444444
2023-11-16,BC,E,J,LSTM_3,3353.8812666666668
2023-11-17,BC,E,J,LSTM_3,771.2487744444444
2023-11-18,BC,E,J,LSTM_3,3737.7141555555554
2023-11-19,BC,E,J,LSTM_3,0.0
2023-11-20,BC,E,J,LSTM_3,2314.393022222222
2023-11-21,BC,E,J,LSTM_3,1463.2714444444443
2023-11-22,BC,E,J,LSTM_3,2957.1065222222223
2023-11-23,BC,E,J,LSTM_3,2282.218766666667
2023-11-24,BC,E,J,LSTM_3,579.0194922222222
2023-11-25,BC,E,J,LSTM_3,2458.5431333333336
2023-11-26,BC,E,J,LSTM_3,0.0
2023-11-27,BC,E,J,LSTM_3,2783.412011111111
2023-11-28,BC,E,J,LSTM_3,2075.0541
2023-11-29,BC,E,J,LSTM_3,2756.625666666667
2023-11-30,BC,E,J,LSTM_3,1945.6249555555555
2023-12-01,BC,E,J,LSTM_3,611.0515088888889
2023-12-02,BC,E,J,LSTM_3,2693.1422333333335
2023-12-03,BC,E,J,LSTM_3,0.0
2023-12-04,BC,E,J,LSTM_3,2757.137788888889
2023-12-05,BC,E,J,LSTM_3,1709.9193333333333
2023-12-06,BC,E,J,LSTM_3,2541.4554888888892
2023-12-07,BC,E,J,LSTM_3,2427.622944444445
2023-12-08,BC,E,J,LSTM_3,620.0840855555556
2023-12-09,BC,E,J,LSTM_3,2940.7029222222222
2023-12-10,BC,E,J,LSTM_3,0.0
2023-12-11,BC,E,J,LSTM_3,3437.487688888889
2023-12-12,BC,E,J,LSTM_3,2598.5346555555557
2023-12-13,BC,E,J,LSTM_3,3879.3986555555553
2023-12-14,BC,E,J,LSTM_3,2973.3782666666666
2023-12-15,BC,E,J,LSTM_3,639.9223377777777
2023-12-16,BC,E,J,LSTM_3,2558.406677777778
2023-12-17,BC,E,J,LSTM_3,0.0
2023-12-18,BC,E,J,LSTM_3,1799.143811111111
2023-12-19,BC,E,J,LSTM_3,1484.8713833333334
2023-12-20,BC,E,J,LSTM_3,1742.245311111111
2023-12-21,BC,E,J,LSTM_3,1609.6944333333333
2023-12-22,BC,E,J,LSTM_3,678.31104
2023-12-23,BC,E,J,LSTM_3,2120.8845444444446
2023-12-24,BC,E,J,LSTM_3,0.0
2023-12-25,BC,E,J,LSTM_3,1821.745122222222
2023-12-26,BC,E,J,LSTM_3,1558.24
2023-12-27,BC,E,J,LSTM_3,2100.990444444444
2023-12-28,BC,E,J,LSTM_3,2007.8882111111113
2023-12-29,BC,E,J,LSTM_3,730.1688811111111
2023-12-30,BC,E,J,LSTM_3,2095.6589999999997
2023-12-31,BC,E,J,LSTM_3,0.0
2023-11-01,BC,E,S,LSTM_3,553.9035222222223
2023-11-02,BC,E,S,LSTM_3,343.86618999999996
2023-11-03,BC,E,S,LSTM_3,604.0406044444444
2023-11-04,BC,E,S,LSTM_3,418.86412888888884
2023-11-05,BC,E,S,LSTM_3,0.0
2023-11-06,BC,E,S,LSTM_3,380.35264888888895
2023-11-07,BC,E,S,LSTM_3,300.48140177777776
2023-11-08,BC,E,S,LSTM_3,352.3783393333333
2023-11-09,BC,E,S,LSTM_3,345.55279222222225
2023-11-10,BC,E,S,LSTM_3,542.1524666666667
2023-11-11,BC,E,S,LSTM_3,361.4133322222222
2023-11-12,BC,E,S,LSTM_3,0.0
2023-11-13,BC,E,S,LSTM_3,380.36573000000004
2023-11-14,BC,E,S,LSTM_3,307.421946
2023-11-15,BC,E,S,LSTM_3,302.239805
2023-11-16,BC,E,S,LSTM_3,321.5694466666667
2023-11-17,BC,E,S,LSTM_3,374.4912822222222
2023-11-18,BC,E,S,LSTM_3,688.0605522222222
2023-11-19,BC,E,S,LSTM_3,0.0
2023-11-20,BC,E,S,LSTM_3,359.01364222222224
2023-11-21,BC,E,S,LSTM_3,972.2925733333335
2023-11-22,BC,E,S,LSTM_3,312.45472844444447
2023-11-23,BC,E,S,LSTM_3,1341.2413177777778
2023-11-24,BC,E,S,LSTM_3,364.50471222222217
2023-11-25,BC,E,S,LSTM_3,1834.7549933333332
2023-11-26,BC,E,S,LSTM_3,0.0
2023-11-27,BC,E,S,LSTM_3,382.0538322222222
2023-11-28,BC,E,S,LSTM_3,313.62840555555556
2023-11-29,BC,E,S,LSTM_3,2277.105773333333
2023-11-30,BC,E,S,LSTM_3,1729.5329444444442
2023-12-01,BC,E,S,LSTM_3,367.23367333333334
2023-12-02,BC,E,S,LSTM_3,2340.095173333333
2023-12-03,BC,E,S,LSTM_3,0.0
2023-12-04,BC,E,S,LSTM_3,2728.021147777778
2023-12-05,BC,E,S,LSTM_3,1728.4450988888889
2023-12-06,BC,E,S,LSTM_3,298.5937833333333
2023-12-07,BC,E,S,LSTM_3,1443.1510622222222
2023-12-08,BC,E,S,LSTM_3,428.00114777777776
2023-12-09,BC,E,S,LSTM_3,2553.5072833333334
2023-12-10,BC,E,S,LSTM_3,0.0
2023-12-11,BC,E,S,LSTM_3,3329.9780388888885
2023-12-12,BC,E,S,LSTM_3,1814.6088499999998
2023-12-13,BC,E,S,LSTM_3,3271.8549555555555
2023-12-14,BC,E,S,LSTM_3,2911.913561111111
2023-12-15,BC,E,S,LSTM_3,448.8472966666667
2023-12-16,BC,E,S,LSTM_3,2161.7380844444447
2023-12-17,BC,E,S,LSTM_3,0.0
2023-12-18,BC,E,S,LSTM_3,1395.24842
2023-12-19,BC,E,S,LSTM_3,671.5639655555556
2023-12-20,BC,E,S,LSTM_3,1217.7479133333334
2023-12-21,BC,E,S,LSTM_3,1176.4478977777778
2023-12-22,BC,E,S,LSTM_3,474.01092333333327
2023-12-23,BC,E,S,LSTM_3,1883.2310622222221
2023-12-24,BC,E,S,LSTM_3,0.0
2023-12-25,BC,E,S,LSTM_3,1456.1323133333333
2023-12-26,BC,E,S,LSTM_3,1188.4559277777778
2023-12-27,BC,E,S,LSTM_3,1598.6739833333334
2023-12-28,BC,E,S,LSTM_3,1694.019633333333
2023-12-29,BC,E,S,LSTM_3,550.4053133333333
2023-12-30,BC,E,S,LSTM_3,1672.447322222222
2023-12-31,BC,E,S,LSTM_3,0.0
2023-11-01,CB,A,J,LSTM_3,55.233717222222225
2023-11-02,CB,A,J,LSTM_3,58.09732544444445
2023-11-03,CB,A,J,LSTM_3,59.82707222222223
2023-11-04,CB,A,J,LSTM_3,56.59924911111111
2023-11-05,CB,A,J,LSTM_3,0.0
2023-11-06,CB,A,J,LSTM_3,59.20705544444445
2023-11-07,CB,A,J,LSTM_3,55.20322155555555
2023-11-08,CB,A,J,LSTM_3,57.892853222222215
2023-11-09,CB,A,J,LSTM_3,58.096562666666664
2023-11-10,CB,A,J,LSTM_3,56.76402788888889
2023-11-11,CB,A,J,LSTM_3,58.691843
2023-11-12,CB,A,J,LSTM_3,0.0
2023-11-13,CB,A,J,LSTM_3,59.20770555555556
2023-11-14,CB,A,J,LSTM_3,55.68215333333333
2023-11-15,CB,A,J,LSTM_3,55.189775555555556
2023-11-16,CB,A,J,LSTM_3,58.09732544444445
2023-11-17,CB,A,J,LSTM_3,59.82707222222223
2023-11-18,CB,A,J,LSTM_3,58.69126344444445
2023-11-19,CB,A,J,LSTM_3,0.0
2023-11-20,CB,A,J,LSTM_3,56.934344777777774
2023-11-21,CB,A,J,LSTM_3,57.96202455555556
2023-11-22,CB,A,J,LSTM_3,55.35942266666666
2023-11-23,CB,A,J,LSTM_3,58.0972701111111
2023-11-24,CB,A,J,LSTM_3,57.38209133333333
2023-11-25,CB,A,J,LSTM_3,55.96062966666667
2023-11-26,CB,A,J,LSTM_3,0.0
2023-11-27,CB,A,J,LSTM_3,56.88915877777778
2023-11-28,CB,A,J,LSTM_3,57.96202644444444
2023-11-29,CB,A,J,LSTM_3,53.40811877777778
2023-11-30,CB,A,J,LSTM_3,55.29314222222222
2023-12-01,CB,A,J,LSTM_3,56.104777444444444
2023-12-02,CB,A,J,LSTM_3,53.82736988888889
2023-12-03,CB,A,J,LSTM_3,0.0
2023-12-04,CB,A,J,LSTM_3,56.877179444444444
2023-12-05,CB,A,J,LSTM_3,55.78539855555556
2023-12-06,CB,A,J,LSTM_3,53.754135666666656
2023-12-07,CB,A,J,LSTM_3,55.67957766666667
2023-12-08,CB,A,J,LSTM_3,56.69125366666666
2023-12-09,CB,A,J,LSTM_3,56.53298422222222
2023-12-10,CB,A,J,LSTM_3,0.0
2023-12-11,CB,A,J,LSTM_3,59.207720666666674
2023-12-12,CB,A,J,LSTM_3,55.62307766666667
2023-12-13,CB,A,J,LSTM_3,53.282946888888894
2023-12-14,CB,A,J,LSTM_3,54.59990633333334
2023-12-15,CB,A,J,LSTM_3,56.34925833333333
2023-12-16,CB,A,J,LSTM_3,54.563027444444444
2023-12-17,CB,A,J,LSTM_3,0.0
2023-12-18,CB,A,J,LSTM_3,59.207527666666664
2023-12-19,CB,A,J,LSTM_3,57.96093055555556
2023-12-20,CB,A,J,LSTM_3,56.42815433333333
2023-12-21,CB,A,J,LSTM_3,53.942091
2023-12-22,CB,A,J,LSTM_3,55.68713677777777
2023-12-23,CB,A,J,LSTM_3,54.293137888888886
2023-12-24,CB,A,J,LSTM_3,0.0
2023-12-25,CB,A,J,LSTM_3,56.841238000000004
2023-12-26,CB,A,J,LSTM_3,55.771762
2023-12-27,CB,A,J,LSTM_3,55.52967522222222
2023-12-28,CB,A,J,LSTM_3,56.47610733333333
2023-12-29,CB,A,J,LSTM_3,55.37921111111112
2023-12-30,CB,A,J,LSTM_3,54.10679922222222
2023-12-31,CB,A,J,LSTM_3,0.0
2023-11-01,CB,A,S,LSTM_3,7.623661500000001
2023-11-02,CB,A,S,LSTM_3,7.631123544444445
2023-11-03,CB,A,S,LSTM_3,7.9299102888888875
2023-11-04,CB,A,S,LSTM_3,7.718649466666665
2023-11-05,CB,A,S,LSTM_3,0.0
2023-11-06,CB,A,S,LSTM_3,7.807189022222222
2023-11-07,CB,A,S,LSTM_3,7.620970011111112
2023-11-08,CB,A,S,LSTM_3,7.623661500000001
2023-11-09,CB,A,S,LSTM_3,7.631123544444445
2023-11-10,CB,A,S,LSTM_3,7.9299102888888875
2023-11-11,CB,A,S,LSTM_3,7.718649466666665
2023-11-12,CB,A,S,LSTM_3,0.0
2023-11-13,CB,A,S,LSTM_3,7.807189022222222
2023-11-14,CB,A,S,LSTM_3,7.620970011111112
2023-11-15,CB,A,S,LSTM_3,7.623661500000001
2023-11-16,CB,A,S,LSTM_3,7.631123544444445
2023-11-17,CB,A,S,LSTM_3,7.9299102888888875
2023-11-18,CB,A,S,LSTM_3,7.718649466666665
2023-11-19,CB,A,S,LSTM_3,0.0
2023-11-20,CB,A,S,LSTM_3,7.807189022222222
2023-11-21,CB,A,S,LSTM_3,7.620970011111112
2023-11-22,CB,A,S,LSTM_3,7.623661500000001
2023-11-23,CB,A,S,LSTM_3,7.631123544444445
2023-11-24,CB,A,S,LSTM_3,7.9299102888888875
2023-11-25,CB,A,S,LSTM_3,7.718649466666665
2023-11-26,CB,A,S,LSTM_3,0.0
2023-11-27,CB,A,S,LSTM_3,7.807189022222222
2023-11-28,CB,A,S,LSTM_3,7.620970011111112
2023-11-29,CB,A,S,LSTM_3,7.623661500000001
2023-11-30,CB,A,S,LSTM_3,7.631123544444445
2023-12-01,CB,A,S,LSTM_3,7.929909866666667
2023-12-02,CB,A,S,LSTM_3,7.7186497111111105
2023-12-03,CB,A,S,LSTM_3,0.0
2023-12-04,CB,A,S,LSTM_3,7.807189022222222
2023-12-05,CB,A,S,LSTM_3,7.620970011111112
2023-12-06,CB,A,S,LSTM_3,7.623661500000001
2023-12-07,CB,A,S,LSTM_3,7.631123544444445
2023-12-08,CB,A,S,LSTM_3,7.9299102888888875
2023-12-09,CB,A,S,LSTM_3,7.718649466666665
2023-12-10,CB,A,S,LSTM_3,0.0
2023-12-11,CB,A,S,LSTM_3,7.807189022222222
2023-12-12,CB,A,S,LSTM_3,7.620970011111112
2023-12-13,CB,A,S,LSTM_3,7.623661500000001
2023-12-14,CB,A,S,LSTM_3,7.631123544444445
2023-12-15,CB,A,S,LSTM_3,7.9299102888888875
2023-12-16,CB,A,S,LSTM_3,7.718649466666665
2023-12-17,CB,A,S,LSTM_3,0.0
2023-12-18,CB,A,S,LSTM_3,7.807189022222222
2023-12-19,CB,A,S,LSTM_3,7.620970011111112
2023-12-20,CB,A,S,LSTM_3,7.623661500000001
2023-12-21,CB,A,S,LSTM_3,7.631123544444445
2023-12-22,CB,A,S,LSTM_3,7.9299102888888875
2023-12-23,CB,A,S,LSTM_3,7.718649466666665
2023-12-24,CB,A,S,LSTM_3,0.0
2023-12-25,CB,A,S,LSTM_3,7.807189022222222
2023-12-26,CB,A,S,LSTM_3,7.620970011111112
2023-12-27,CB,A,S,LSTM_3,7.623661500000001
2023-12-28,CB,A,S,LSTM_3,7.631123544444445
2023-12-29,CB,A,S,LSTM_3,7.9299102888888875
2023-12-30,CB,A,S,LSTM_3,7.718649466666665
2023-12-31,CB,A,S,LSTM_3,0.0
2023-11-01,CB,D,J,LSTM_3,28.461663888888886
2023-11-02,CB,D,J,LSTM_3,28.634936411111116
2023-11-03,CB,D,J,LSTM_3,31.64788182222222
2023-11-04,CB,D,J,LSTM_3,29.43931478888889
2023-11-05,CB,D,J,LSTM_3,0.0
2023-11-06,CB,D,J,LSTM_3,30.307378644444448
2023-11-07,CB,D,J,LSTM_3,28.505212066666665
2023-11-08,CB,D,J,LSTM_3,28.461663888888886
2023-11-09,CB,D,J,LSTM_3,28.634936411111116
2023-11-10,CB,D,J,LSTM_3,31.64788182222222
2023-11-11,CB,D,J,LSTM_3,29.43931478888889
2023-11-12,CB,D,J,LSTM_3,0.0
2023-11-13,CB,D,J,LSTM_3,30.307378644444448
2023-11-14,CB,D,J,LSTM_3,28.505212066666665
2023-11-15,CB,D,J,LSTM_3,28.461663888888886
2023-11-16,CB,D,J,LSTM_3,28.634936411111116
2023-11-17,CB,D,J,LSTM_3,31.64788182222222
2023-11-18,CB,D,J,LSTM_3,29.43931478888889
2023-11-19,CB,D,J,LSTM_3,0.0
2023-11-20,CB,D,J,LSTM_3,30.307378644444448
2023-11-21,CB,D,J,LSTM_3,28.505212066666665
2023-11-22,CB,D,J,LSTM_3,28.461663888888886
2023-11-23,CB,D,J,LSTM_3,28.634936411111116
2023-11-24,CB,D,J,LSTM_3,31.64788182222222
2023-11-25,CB,D,J,LSTM_3,29.43931478888889
2023-11-26,CB,D,J,LSTM_3,0.0
2023-11-27,CB,D,J,LSTM_3,30.307378644444448
2023-11-28,CB,D,J,LSTM_3,28.505212066666665
2023-11-29,CB,D,J,LSTM_3,28.461663888888886
2023-11-30,CB,D,J,LSTM_3,28.634936411111116
2023-12-01,CB,D,J,LSTM_3,31.64788098888889
2023-12-02,CB,D,J,LSTM_3,29.439315744444443
2023-12-03,CB,D,J,LSTM_3,0.0
2023-12-04,CB,D,J,LSTM_3,30.307378644444448
2023-12-05,CB,D,J,LSTM_3,28.505212066666665
2023-12-06,CB,D,J,LSTM_3,28.461663888888886
2023-12-07,CB,D,J,LSTM_3,28.634936411111116
2023-12-08,CB,D,J,LSTM_3,31.64788182222222
2023-12-09,CB,D,J,LSTM_3,29.43931478888889
2023-12-10,CB,D,J,LSTM_3,0.0
2023-12-11,CB,D,J,LSTM_3,30.307378644444448
2023-12-12,CB,D,J,LSTM_3,28.505212066666665
2023-12-13,CB,D,J,LSTM_3,28.461663888888886
2023-12-14,CB,D,J,LSTM_3,28.634936411111116
2023-12-15,CB,D,J,LSTM_3,31.64788182222222
2023-12-16,CB,D,J,LSTM_3,29.43931478888889
2023-12-17,CB,D,J,LSTM_3,0.0
2023-12-18,CB,D,J,LSTM_3,30.307757066666667
2023-12-19,CB,D,J,LSTM_3,28.505212066666665
2023-12-20,CB,D,J,LSTM_3,28.461663888888886
2023-12-21,CB,D,J,LSTM_3,28.634936411111116
2023-12-22,CB,D,J,LSTM_3,31.631659622222216
2023-12-23,CB,D,J,LSTM_3,29.439762655555555
2023-12-24,CB,D,J,LSTM_3,0.0
2023-12-25,CB,D,J,LSTM_3,30.307378644444448
2023-12-26,CB,D,J,LSTM_3,36.29201833333334
2023-12-27,CB,D,J,LSTM_3,28.35482027777778
2023-12-28,CB,D,J,LSTM_3,29.39777811111111
2023-12-29,CB,D,J,LSTM_3,31.648288055555547
2023-12-30,CB,D,J,LSTM_3,30.645765222222224
2023-12-31,CB,D,J,LSTM_3,0.0
2023-11-01,CB,E,J,LSTM_3,67.44518011111111
2023-11-02,CB,E,J,LSTM_3,68.00700211111112
2023-11-03,CB,E,J,LSTM_3,71.96848933333335
2023-11-04,CB,E,J,LSTM_3,69.3529981111111
2023-11-05,CB,E,J,LSTM_3,0.0
2023-11-06,CB,E,J,LSTM_3,70.45463777777778
2023-11-07,CB,E,J,LSTM_3,67.64719344444444
2023-11-08,CB,E,J,LSTM_3,67.44518011111111
2023-11-09,CB,E,J,LSTM_3,68.00700211111112
2023-11-10,CB,E,J,LSTM_3,69.30273355555556
2023-11-11,CB,E,J,LSTM_3,69.35244688888889
2023-11-12,CB,E,J,LSTM_3,0.0
2023-11-13,CB,E,J,LSTM_3,70.45352388888888
2023-11-14,CB,E,J,LSTM_3,67.64719344444444
2023-11-15,CB,E,J,LSTM_3,67.44518011111111
2023-11-16,CB,E,J,LSTM_3,62.0514551111111
2023-11-17,CB,E,J,LSTM_3,71.96726
2023-11-18,CB,E,J,LSTM_3,69.3529981111111
2023-11-19,CB,E,J,LSTM_3,0.0
2023-11-20,CB,E,J,LSTM_3,70.45463777777778
2023-11-21,CB,E,J,LSTM_3,67.64719344444444
2023-11-22,CB,E,J,LSTM_3,67.44518011111111
2023-11-23,CB,E,J,LSTM_3,68.00700211111112
2023-11-24,CB,E,J,LSTM_3,71.96848933333335
2023-11-25,CB,E,J,LSTM_3,69.3529981111111
2023-11-26,CB,E,J,LSTM_3,0.0
2023-11-27,CB,E,J,LSTM_3,70.45463777777778
2023-11-28,CB,E,J,LSTM_3,62.187652888888884
2023-11-29,CB,E,J,LSTM_3,63.26774044444445
2023-11-30,CB,E,J,LSTM_3,68.00675344444444
2023-12-01,CB,E,J,LSTM_3,68.73918433333333
2023-12-02,CB,E,J,LSTM_3,69.35229877777778
2023-12-03,CB,E,J,LSTM_3,0.0
2023-12-04,CB,E,J,LSTM_3,70.45402144444444
2023-12-05,CB,E,J,LSTM_3,64.47144066666667
2023-12-06,CB,E,J,LSTM_3,67.44574122222222
2023-12-07,CB,E,J,LSTM_3,68.00700211111112
2023-12-08,CB,E,J,LSTM_3,71.96848933333335
2023-12-09,CB,E,J,LSTM_3,69.3529981111111
2023-12-10,CB,E,J,LSTM_3,0.0
2023-12-11,CB,E,J,LSTM_3,70.45406744444443
2023-12-12,CB,E,J,LSTM_3,67.64719344444444
2023-12-13,CB,E,J,LSTM_3,64.82414566666667
2023-12-14,CB,E,J,LSTM_3,66.220817
2023-12-15,CB,E,J,LSTM_3,69.12891522222223
2023-12-16,CB,E,J,LSTM_3,67.31861611111111
2023-12-17,CB,E,J,LSTM_3,0.0
2023-12-18,CB,E,J,LSTM_3,70.45399633333334
2023-12-19,CB,E,J,LSTM_3,67.64719344444444
2023-12-20,CB,E,J,LSTM_3,64.51950177777778
2023-12-21,CB,E,J,LSTM_3,68.00651077777778
2023-12-22,CB,E,J,LSTM_3,69.337363
2023-12-23,CB,E,J,LSTM_3,67.41325655555556
2023-12-24,CB,E,J,LSTM_3,0.0
2023-12-25,CB,E,J,LSTM_3,69.49902955555555
2023-12-26,CB,E,J,LSTM_3,61.37280755555556
2023-12-27,CB,E,J,LSTM_3,67.44621066666666
2023-12-28,CB,E,J,LSTM_3,61.97351544444445
2023-12-29,CB,E,J,LSTM_3,69.56689833333333
2023-12-30,CB,E,J,LSTM_3,63.35811977777777
2023-12-31,CB,E,J,LSTM_3,0.0
2023-11-01,CB,F,J,LSTM_3,31.30492692222222
2023-11-02,CB,F,J,LSTM_3,31.19768580022222
2023-11-03,CB,F,J,LSTM_3,33.515266236666676
2023-11-04,CB,F,J,LSTM_3,31.51831362811111
2023-11-05,CB,F,J,LSTM_3,0.0
2023-11-06,CB,F,J,LSTM_3,32.91655203222222
2023-11-07,CB,F,J,LSTM_3,31.280374418888886
2023-11-08,CB,F,J,LSTM_3,31.30492692222222
2023-11-09,CB,F,J,LSTM_3,31.19768580022222
2023-11-10,CB,F,J,LSTM_3,33.515266236666676
2023-11-11,CB,F,J,LSTM_3,31.51831362811111
2023-11-12,CB,F,J,LSTM_3,0.0
2023-11-13,CB,F,J,LSTM_3,32.91655203222222
2023-11-14,CB,F,J,LSTM_3,31.280374418888886
2023-11-15,CB,F,J,LSTM_3,31.30492692222222
2023-11-16,CB,F,J,LSTM_3,31.19768580022222
2023-11-17,CB,F,J,LSTM_3,33.515266236666676
2023-11-18,CB,F,J,LSTM_3,31.51831362811111
2023-11-19,CB,F,J,LSTM_3,0.0
2023-11-20,CB,F,J,LSTM_3,32.91655203222222
2023-11-21,CB,F,J,LSTM_3,31.280374418888886
2023-11-22,CB,F,J,LSTM_3,31.30492692222222
2023-11-23,CB,F,J,LSTM_3,31.19768580022222
2023-11-24,CB,F,J,LSTM_3,33.515266236666676
2023-11-25,CB,F,J,LSTM_3,119.57967055555554
2023-11-26,CB,F,J,LSTM_3,0.0
2023-11-27,CB,F,J,LSTM_3,32.91637086522222
2023-11-28,CB,F,J,LSTM_3,31.280374418888886
2023-11-29,CB,F,J,LSTM_3,31.30492692222222
2023-11-30,CB,F,J,LSTM_3,31.19768580022222
2023-12-01,CB,F,J,LSTM_3,33.515269385
2023-12-02,CB,F,J,LSTM_3,31.51829658555556
2023-12-03,CB,F,J,LSTM_3,0.0
2023-12-04,CB,F,J,LSTM_3,32.91655203222222
2023-12-05,CB,F,J,LSTM_3,31.280374418888886
2023-12-06,CB,F,J,LSTM_3,31.30492692222222
2023-12-07,CB,F,J,LSTM_3,31.19768580022222
2023-12-08,CB,F,J,LSTM_3,33.515266236666676
2023-12-09,CB,F,J,LSTM_3,31.51831362811111
2023-12-10,CB,F,J,LSTM_3,0.0
2023-12-11,CB,F,J,LSTM_3,35.884538642222225
2023-12-12,CB,F,J,LSTM_3,31.280194074222223
2023-12-13,CB,F,J,LSTM_3,31.30492692222222
2023-12-14,CB,F,J,LSTM_3,31.19768580022222
2023-12-15,CB,F,J,LSTM_3,89.63709844444445
2023-12-16,CB,F,J,LSTM_3,78.60549011111112
2023-12-17,CB,F,J,LSTM_3,0.0
2023-12-18,CB,F,J,LSTM_3,32.91639393833334
2023-12-19,CB,F,J,LSTM_3,34.70129844444445
2023-12-20,CB,F,J,LSTM_3,58.41643122222222
2023-12-21,CB,F,J,LSTM_3,35.5566268
2023-12-22,CB,F,J,LSTM_3,70.75284655555555
2023-12-23,CB,F,J,LSTM_3,297.74473000000006
2023-12-24,CB,F,J,LSTM_3,0.0
2023-12-25,CB,F,J,LSTM_3,168.49490344444445
2023-12-26,CB,F,J,LSTM_3,153.0354428888889
2023-12-27,CB,F,J,LSTM_3,312.3431562222222
2023-12-28,CB,F,J,LSTM_3,343.33456488888885
2023-12-29,CB,F,J,LSTM_3,292.80844888888885
2023-12-30,CB,F,J,LSTM_3,328.50293444444446
2023-12-31,CB,F,J,LSTM_3,0.0
2023-11-01,CR,A,J,LSTM_3,140.7685928888889
2023-11-02,CR,A,J,LSTM_3,134.66313933333333
2023-11-03,CR,A,J,LSTM_3,141.19739
2023-11-04,CR,A,J,LSTM_3,138.3383578888889
2023-11-05,CR,A,J,LSTM_3,0.0
2023-11-06,CR,A,J,LSTM_3,20.781152755555556
2023-11-07,CR,A,J,LSTM_3,152.12867877777776
2023-11-08,CR,A,J,LSTM_3,139.72987222222224
2023-11-09,CR,A,J,LSTM_3,136.21623955555552
2023-11-10,CR,A,J,LSTM_3,137.5615761111111
2023-11-11,CR,A,J,LSTM_3,136.08922222222222
2023-11-12,CR,A,J,LSTM_3,0.0
2023-11-13,CR,A,J,LSTM_3,20.781152755555556
2023-11-14,CR,A,J,LSTM_3,141.06749666666667
2023-11-15,CR,A,J,LSTM_3,138.68207388888888
2023-11-16,CR,A,J,LSTM_3,129.8928048888889
2023-11-17,CR,A,J,LSTM_3,135.74861655555554
2023-11-18,CR,A,J,LSTM_3,138.14842777777778
2023-11-19,CR,A,J,LSTM_3,0.0
2023-11-20,CR,A,J,LSTM_3,20.781152755555556
2023-11-21,CR,A,J,LSTM_3,143.06870777777777
2023-11-22,CR,A,J,LSTM_3,128.22911377777777
2023-11-23,CR,A,J,LSTM_3,20.839162866666666
2023-11-24,CR,A,J,LSTM_3,132.65813
2023-11-25,CR,A,J,LSTM_3,491.09778777777774
2023-11-26,CR,A,J,LSTM_3,0.0
2023-11-27,CR,A,J,LSTM_3,287.963926
2023-11-28,CR,A,J,LSTM_3,137.58039155555556
2023-11-29,CR,A,J,LSTM_3,434.0016811111111
2023-11-30,CR,A,J,LSTM_3,412.3069944444444
2023-12-01,CR,A,J,LSTM_3,436.44404888888886
2023-12-02,CR,A,J,LSTM_3,421.85972000000004
2023-12-03,CR,A,J,LSTM_3,0.0
2023-12-04,CR,A,J,LSTM_3,20.781152755555556
2023-12-05,CR,A,J,LSTM_3,132.8961638888889
2023-12-06,CR,A,J,LSTM_3,428.96329888888897
2023-12-07,CR,A,J,LSTM_3,611.5149888888889
2023-12-08,CR,A,J,LSTM_3,769.6368
2023-12-09,CR,A,J,LSTM_3,717.2784777777778
2023-12-10,CR,A,J,LSTM_3,0.0
2023-12-11,CR,A,J,LSTM_3,267.86426222222224
2023-12-12,CR,A,J,LSTM_3,578.9923544444445
2023-12-13,CR,A,J,LSTM_3,758.6322555555556
2023-12-14,CR,A,J,LSTM_3,763.9843599999999
2023-12-15,CR,A,J,LSTM_3,793.5882888888889
2023-12-16,CR,A,J,LSTM_3,504.9504177777778
2023-12-17,CR,A,J,LSTM_3,0.0
2023-12-18,CR,A,J,LSTM_3,582.3493033333334
2023-12-19,CR,A,J,LSTM_3,137.85504333333333
2023-12-20,CR,A,J,LSTM_3,770.3233733333333
2023-12-21,CR,A,J,LSTM_3,693.2403633333332
2023-12-22,CR,A,J,LSTM_3,756.0533644444445
2023-12-23,CR,A,J,LSTM_3,743.884538888889
2023-12-24,CR,A,J,LSTM_3,0.0
2023-12-25,CR,A,J,LSTM_3,93.3661
2023-12-26,CR,A,J,LSTM_3,420.33142888888887
2023-12-27,CR,A,J,LSTM_3,826.9123566666666
2023-12-28,CR,A,J,LSTM_3,801.8242922222222
2023-12-29,CR,A,J,LSTM_3,654.3433266666666
2023-12-30,CR,A,J,LSTM_3,816.1908255555555
2023-12-31,CR,A,J,LSTM_3,0.0
2023-11-01,CR,B,J,LSTM_3,69.01542433333333
2023-11-02,CR,B,J,LSTM_3,69.49349844444444
2023-11-03,CR,B,J,LSTM_3,75.94937111111112
2023-11-04,CR,B,J,LSTM_3,71.30300033333333
2023-11-05,CR,B,J,LSTM_3,0.0
2023-11-06,CR,B,J,LSTM_3,73.15605122222222
2023-11-07,CR,B,J,LSTM_3,69.16688344444444
2023-11-08,CR,B,J,LSTM_3,69.01542433333333
2023-11-09,CR,B,J,LSTM_3,69.49349844444444
2023-11-10,CR,B,J,LSTM_3,75.94937111111112
2023-11-11,CR,B,J,LSTM_3,71.30300033333333
2023-11-12,CR,B,J,LSTM_3,0.0
2023-11-13,CR,B,J,LSTM_3,73.15605122222222
2023-11-14,CR,B,J,LSTM_3,69.16688344444444
2023-11-15,CR,B,J,LSTM_3,69.01542433333333
2023-11-16,CR,B,J,LSTM_3,69.49349844444444
2023-11-17,CR,B,J,LSTM_3,75.94937111111112
2023-11-18,CR,B,J,LSTM_3,71.30300033333333
2023-11-19,CR,B,J,LSTM_3,0.0
2023-11-20,CR,B,J,LSTM_3,73.15605122222222
2023-11-21,CR,B,J,LSTM_3,69.16688344444444
2023-11-22,CR,B,J,LSTM_3,69.01542433333333
2023-11-23,CR,B,J,LSTM_3,69.49349844444444
2023-11-24,CR,B,J,LSTM_3,75.94937111111112
2023-11-25,CR,B,J,LSTM_3,71.30300033333333
2023-11-26,CR,B,J,LSTM_3,0.0
2023-11-27,CR,B,J,LSTM_3,73.15605122222222
2023-11-28,CR,B,J,LSTM_3,69.16688344444444
2023-11-29,CR,B,J,LSTM_3,69.01542433333333
2023-11-30,CR,B,J,LSTM_3,69.49349844444444
2023-12-01,CR,B,J,LSTM_3,75.94937622222223
2023-12-02,CR,B,J,LSTM_3,71.3030018888889
2023-12-03,CR,B,J,LSTM_3,0.0
2023-12-04,CR,B,J,LSTM_3,73.15605122222222
2023-12-05,CR,B,J,LSTM_3,69.16688344444444
2023-12-06,CR,B,J,LSTM_3,70.34525344444445
2023-12-07,CR,B,J,LSTM_3,68.19630077777778
2023-12-08,CR,B,J,LSTM_3,75.9488777777778
2023-12-09,CR,B,J,LSTM_3,72.07629844444445
2023-12-10,CR,B,J,LSTM_3,0.0
2023-12-11,CR,B,J,LSTM_3,73.15605122222222
2023-12-12,CR,B,J,LSTM_3,67.64427155555556
2023-12-13,CR,B,J,LSTM_3,67.45393011111112
2023-12-14,CR,B,J,LSTM_3,69.49338144444442
2023-12-15,CR,B,J,LSTM_3,76.13496333333335
2023-12-16,CR,B,J,LSTM_3,71.30235777777779
2023-12-17,CR,B,J,LSTM_3,0.0
2023-12-18,CR,B,J,LSTM_3,75.86056344444444
2023-12-19,CR,B,J,LSTM_3,69.16725222222222
2023-12-20,CR,B,J,LSTM_3,66.8676618888889
2023-12-21,CR,B,J,LSTM_3,70.144924
2023-12-22,CR,B,J,LSTM_3,79.1780948888889
2023-12-23,CR,B,J,LSTM_3,177.65852266666667
2023-12-24,CR,B,J,LSTM_3,0.0
2023-12-25,CR,B,J,LSTM_3,73.15573277777779
2023-12-26,CR,B,J,LSTM_3,75.31002411111112
2023-12-27,CR,B,J,LSTM_3,68.36914777777777
2023-12-28,CR,B,J,LSTM_3,67.38788266666667
2023-12-29,CR,B,J,LSTM_3,86.75473555555556
2023-12-30,CR,B,J,LSTM_3,69.14734933333335
2023-12-31,CR,B,J,LSTM_3,0.0
2023-11-01,CR,C,J,LSTM_3,96.07869599999998
2023-11-02,CR,C,J,LSTM_3,97.063992
2023-11-03,CR,C,J,LSTM_3,109.9132801111111
2023-11-04,CR,C,J,LSTM_3,100.45026144444445
2023-11-05,CR,C,J,LSTM_3,0.0
2023-11-06,CR,C,J,LSTM_3,104.14961955555556
2023-11-07,CR,C,J,LSTM_3,96.41006633333333
2023-11-08,CR,C,J,LSTM_3,96.07869599999998
2023-11-09,CR,C,J,LSTM_3,97.063992
2023-11-10,CR,C,J,LSTM_3,109.9132801111111
2023-11-11,CR,C,J,LSTM_3,100.45026144444445
2023-11-12,CR,C,J,LSTM_3,0.0
2023-11-13,CR,C,J,LSTM_3,104.14961955555556
2023-11-14,CR,C,J,LSTM_3,96.41006633333333
2023-11-15,CR,C,J,LSTM_3,96.07869599999998
2023-11-16,CR,C,J,LSTM_3,97.063992
2023-11-17,CR,C,J,LSTM_3,109.9132801111111
2023-11-18,CR,C,J,LSTM_3,100.45026144444445
2023-11-19,CR,C,J,LSTM_3,0.0
2023-11-20,CR,C,J,LSTM_3,104.14961955555556
2023-11-21,CR,C,J,LSTM_3,96.41006633333333
2023-11-22,CR,C,J,LSTM_3,96.07869599999998
2023-11-23,CR,C,J,LSTM_3,97.063992
2023-11-24,CR,C,J,LSTM_3,109.9132801111111
2023-11-25,CR,C,J,LSTM_3,100.45026144444445
2023-11-26,CR,C,J,LSTM_3,0.0
2023-11-27,CR,C,J,LSTM_3,116.28395444444443
2023-11-28,CR,C,J,LSTM_3,96.41238722222222
2023-11-29,CR,C,J,LSTM_3,106.05856055555554
2023-11-30,CR,C,J,LSTM_3,102.56731633333332
2023-12-01,CR,C,J,LSTM_3,124.73440344444445
2023-12-02,CR,C,J,LSTM_3,100.45504222222222
2023-12-03,CR,C,J,LSTM_3,0.0
2023-12-04,CR,C,J,LSTM_3,113.79319277777778
2023-12-05,CR,C,J,LSTM_3,96.41311922222222
2023-12-06,CR,C,J,LSTM_3,96.07869599999998
2023-12-07,CR,C,J,LSTM_3,104.31183244444445
2023-12-08,CR,C,J,LSTM_3,116.2156991111111
2023-12-09,CR,C,J,LSTM_3,107.93373466666667
2023-12-10,CR,C,J,LSTM_3,0.0
2023-12-11,CR,C,J,LSTM_3,110.771172
2023-12-12,CR,C,J,LSTM_3,96.4120948888889
2023-12-13,CR,C,J,LSTM_3,96.07869599999998
2023-12-14,CR,C,J,LSTM_3,102.46447644444443
2023-12-15,CR,C,J,LSTM_3,118.68140444444445
2023-12-16,CR,C,J,LSTM_3,107.60999655555557
2023-12-17,CR,C,J,LSTM_3,0.0
2023-12-18,CR,C,J,LSTM_3,150.99363044444445
2023-12-19,CR,C,J,LSTM_3,96.41593533333334
2023-12-20,CR,C,J,LSTM_3,106.52221577777777
2023-12-21,CR,C,J,LSTM_3,103.69394855555555
2023-12-22,CR,C,J,LSTM_3,109.91643166666667
2023-12-23,CR,C,J,LSTM_3,314.03464777777776
2023-12-24,CR,C,J,LSTM_3,0.0
2023-12-25,CR,C,J,LSTM_3,239.02390811111107
2023-12-26,CR,C,J,LSTM_3,148.31324977777777
2023-12-27,CR,C,J,LSTM_3,195.3770531111111
2023-12-28,CR,C,J,LSTM_3,135.167476
2023-12-29,CR,C,J,LSTM_3,109.92258633333333
2023-12-30,CR,C,J,LSTM_3,266.80190188888884
2023-12-31,CR,C,J,LSTM_3,0.0
2023-11-01,CR,D,J,LSTM_3,62.3968804
2023-11-02,CR,D,J,LSTM_3,63.577992944444446
2023-11-03,CR,D,J,LSTM_3,75.41181436666666
2023-11-04,CR,D,J,LSTM_3,67.17694557777777
2023-11-05,CR,D,J,LSTM_3,0.0
2023-11-06,CR,D,J,LSTM_3,70.54439662222222
2023-11-07,CR,D,J,LSTM_3,62.789309722222214
2023-11-08,CR,D,J,LSTM_3,62.3968804
2023-11-09,CR,D,J,LSTM_3,63.577992944444446
2023-11-10,CR,D,J,LSTM_3,75.41181436666666
2023-11-11,CR,D,J,LSTM_3,67.17694557777777
2023-11-12,CR,D,J,LSTM_3,0.0
2023-11-13,CR,D,J,LSTM_3,70.54439662222222
2023-11-14,CR,D,J,LSTM_3,62.789309722222214
2023-11-15,CR,D,J,LSTM_3,62.3968804
2023-11-16,CR,D,J,LSTM_3,63.577992944444446
2023-11-17,CR,D,J,LSTM_3,75.41181436666666
2023-11-18,CR,D,J,LSTM_3,67.17694557777777
2023-11-19,CR,D,J,LSTM_3,0.0
2023-11-20,CR,D,J,LSTM_3,72.26750366666667
2023-11-21,CR,D,J,LSTM_3,62.79010885555556
2023-11-22,CR,D,J,LSTM_3,63.67382436666666
2023-11-23,CR,D,J,LSTM_3,67.56193604444445
2023-11-24,CR,D,J,LSTM_3,76.58122138888888
2023-11-25,CR,D,J,LSTM_3,68.33698933333334
2023-11-26,CR,D,J,LSTM_3,0.0
2023-11-27,CR,D,J,LSTM_3,70.54421623333333
2023-11-28,CR,D,J,LSTM_3,62.789309722222214
2023-11-29,CR,D,J,LSTM_3,88.84820666666666
2023-11-30,CR,D,J,LSTM_3,90.23114666666667
2023-12-01,CR,D,J,LSTM_3,96.26310244444444
2023-12-02,CR,D,J,LSTM_3,71.68999055555554
2023-12-03,CR,D,J,LSTM_3,0.0
2023-12-04,CR,D,J,LSTM_3,71.74747104444444
2023-12-05,CR,D,J,LSTM_3,62.79038663333333
2023-12-06,CR,D,J,LSTM_3,206.85789699999998
2023-12-07,CR,D,J,LSTM_3,187.32620111111112
2023-12-08,CR,D,J,LSTM_3,229.01939555555555
2023-12-09,CR,D,J,LSTM_3,520.85657
2023-12-10,CR,D,J,LSTM_3,0.0
2023-12-11,CR,D,J,LSTM_3,502.34227444444446
2023-12-12,CR,D,J,LSTM_3,318.30716555555557
2023-12-13,CR,D,J,LSTM_3,547.2697688888888
2023-12-14,CR,D,J,LSTM_3,543.9836422222221
2023-12-15,CR,D,J,LSTM_3,116.76512255555556
2023-12-16,CR,D,J,LSTM_3,594.5246566666666
2023-12-17,CR,D,J,LSTM_3,0.0
2023-12-18,CR,D,J,LSTM_3,231.8378088888889
2023-12-19,CR,D,J,LSTM_3,327.22555666666665
2023-12-20,CR,D,J,LSTM_3,607.5865588888887
2023-12-21,CR,D,J,LSTM_3,628.7187988888888
2023-12-22,CR,D,J,LSTM_3,349.2454144444444
2023-12-23,CR,D,J,LSTM_3,730.3572055555555
2023-12-24,CR,D,J,LSTM_3,0.0
2023-12-25,CR,D,J,LSTM_3,579.4245000000001
2023-12-26,CR,D,J,LSTM_3,570.9552988888888
2023-12-27,CR,D,J,LSTM_3,627.2455377777777
2023-12-28,CR,D,J,LSTM_3,595.0502644444445
2023-12-29,CR,D,J,LSTM_3,411.2790955555555
2023-12-30,CR,D,J,LSTM_3,777.3257044444446
2023-12-31,CR,D,J,LSTM_3,0.0
2023-11-01,CR,D,S,LSTM_3,0.28002632222222223
2023-11-02,CR,D,S,LSTM_3,0.2860665888888889
2023-11-03,CR,D,S,LSTM_3,0.3125486777777778
2023-11-04,CR,D,S,LSTM_3,0.29721
2023-11-05,CR,D,S,LSTM_3,0.0
2023-11-06,CR,D,S,LSTM_3,0.3045947666666666
2023-11-07,CR,D,S,LSTM_3,0.28237395555555556
2023-11-08,CR,D,S,LSTM_3,0.28002632222222223
2023-11-09,CR,D,S,LSTM_3,0.2860665888888889
2023-11-10,CR,D,S,LSTM_3,0.3125486777777778
2023-11-11,CR,D,S,LSTM_3,0.29721
2023-11-12,CR,D,S,LSTM_3,0.0
2023-11-13,CR,D,S,LSTM_3,0.3045947666666666
2023-11-14,CR,D,S,LSTM_3,0.28237395555555556
2023-11-15,CR,D,S,LSTM_3,0.28002632222222223
2023-11-16,CR,D,S,LSTM_3,0.2860665888888889
2023-11-17,CR,D,S,LSTM_3,0.3125486777777778
2023-11-18,CR,D,S,LSTM_3,0.29721
2023-11-19,CR,D,S,LSTM_3,0.0
2023-11-20,CR,D,S,LSTM_3,0.3045947666666666
2023-11-21,CR,D,S,LSTM_3,0.28237395555555556
2023-11-22,CR,D,S,LSTM_3,0.28002632222222223
2023-11-23,CR,D,S,LSTM_3,0.2860665888888889
2023-11-24,CR,D,S,LSTM_3,0.3125486777777778
2023-11-25,CR,D,S,LSTM_3,0.29721
2023-11-26,CR,D,S,LSTM_3,0.0
2023-11-27,CR,D,S,LSTM_3,0.3045947666666666
2023-11-28,CR,D,S,LSTM_3,0.28237395555555556
2023-11-29,CR,D,S,LSTM_3,0.28002632222222223
2023-11-30,CR,D,S,LSTM_3,0.2860665888888889
2023-12-01,CR,D,S,LSTM_3,0.31254872222222224
2023-12-02,CR,D,S,LSTM_3,0.29721002222222226
2023-12-03,CR,D,S,LSTM_3,0.0
2023-12-04,CR,D,S,LSTM_3,0.3045947666666666
2023-12-05,CR,D,S,LSTM_3,0.28237395555555556
2023-12-06,CR,D,S,LSTM_3,0.28002632222222223
2023-12-07,CR,D,S,LSTM_3,0.2860665888888889
2023-12-08,CR,D,S,LSTM_3,0.3125486777777778
2023-12-09,CR,D,S,LSTM_3,0.29721
2023-12-10,CR,D,S,LSTM_3,0.0
2023-12-11,CR,D,S,LSTM_3,0.3045947666666666
2023-12-12,CR,D,S,LSTM_3,0.28237395555555556
2023-12-13,CR,D,S,LSTM_3,0.28002632222222223
2023-12-14,CR,D,S,LSTM_3,0.2860665888888889
2023-12-15,CR,D,S,LSTM_3,0.3125486777777778
2023-12-16,CR,D,S,LSTM_3,0.29721
2023-12-17,CR,D,S,LSTM_3,0.0
2023-12-18,CR,D,S,LSTM_3,0.3045077888888889
2023-12-19,CR,D,S,LSTM_3,0.28237395555555556
2023-12-20,CR,D,S,LSTM_3,0.28002632222222223
2023-12-21,CR,D,S,LSTM_3,0.2860665888888889
2023-12-22,CR,D,S,LSTM_3,0.29898385555555557
2023-12-23,CR,D,S,LSTM_3,0.29713904444444444
2023-12-24,CR,D,S,LSTM_3,0.0
2023-12-25,CR,D,S,LSTM_3,0.3045947666666666
2023-12-26,CR,D,S,LSTM_3,0.28237395555555556
2023-12-27,CR,D,S,LSTM_3,0.28002632222222223
2023-12-28,CR,D,S,LSTM_3,0.2860665888888889
2023-12-29,CR,D,S,LSTM_3,0.3125486777777778
2023-12-30,CR,D,S,LSTM_3,0.29721
2023-12-31,CR,D,S,LSTM_3,0.0
2023-11-01,CR,E,J,LSTM_3,68.64819646666666
2023-11-02,CR,E,J,LSTM_3,69.10282187222222
2023-11-03,CR,E,J,LSTM_3,73.69074602222223
2023-11-04,CR,E,J,LSTM_3,70.48059861111112
2023-11-05,CR,E,J,LSTM_3,0.0
2023-11-06,CR,E,J,LSTM_3,71.7777345111111
2023-11-07,CR,E,J,LSTM_3,68.80093052222222
2023-11-08,CR,E,J,LSTM_3,68.64819646666666
2023-11-09,CR,E,J,LSTM_3,69.10282187222222
2023-11-10,CR,E,J,LSTM_3,73.69074602222223
2023-11-11,CR,E,J,LSTM_3,70.48059861111112
2023-11-12,CR,E,J,LSTM_3,0.0
2023-11-13,CR,E,J,LSTM_3,71.7777345111111
2023-11-14,CR,E,J,LSTM_3,68.80093052222222
2023-11-15,CR,E,J,LSTM_3,68.64819646666666
2023-11-16,CR,E,J,LSTM_3,69.10282187222222
2023-11-17,CR,E,J,LSTM_3,73.69074602222223
2023-11-18,CR,E,J,LSTM_3,70.48059861111112
2023-11-19,CR,E,J,LSTM_3,0.0
2023-11-20,CR,E,J,LSTM_3,71.7777345111111
2023-11-21,CR,E,J,LSTM_3,68.80093052222222
2023-11-22,CR,E,J,LSTM_3,69.93055404444445
2023-11-23,CR,E,J,LSTM_3,68.67478983333334
2023-11-24,CR,E,J,LSTM_3,71.59101587777778
2023-11-25,CR,E,J,LSTM_3,68.84249922222223
2023-11-26,CR,E,J,LSTM_3,0.0
2023-11-27,CR,E,J,LSTM_3,71.7777345111111
2023-11-28,CR,E,J,LSTM_3,68.80093052222222
2023-11-29,CR,E,J,LSTM_3,78.19776177777777
2023-11-30,CR,E,J,LSTM_3,125.84109944444445
2023-12-01,CR,E,J,LSTM_3,85.41487577777778
2023-12-02,CR,E,J,LSTM_3,76.95301488888889
2023-12-03,CR,E,J,LSTM_3,0.0
2023-12-04,CR,E,J,LSTM_3,81.09229277777779
2023-12-05,CR,E,J,LSTM_3,66.43192454444446
2023-12-06,CR,E,J,LSTM_3,315.2512851111111
2023-12-07,CR,E,J,LSTM_3,321.4397838888888
2023-12-08,CR,E,J,LSTM_3,319.57072700000003
2023-12-09,CR,E,J,LSTM_3,434.5243014444444
2023-12-10,CR,E,J,LSTM_3,0.0
2023-12-11,CR,E,J,LSTM_3,344.72078066666666
2023-12-12,CR,E,J,LSTM_3,483.1177016666666
2023-12-13,CR,E,J,LSTM_3,475.73086555555557
2023-12-14,CR,E,J,LSTM_3,316.58591
2023-12-15,CR,E,J,LSTM_3,281.3517434444444
2023-12-16,CR,E,J,LSTM_3,462.62522111111116
2023-12-17,CR,E,J,LSTM_3,0.0
2023-12-18,CR,E,J,LSTM_3,302.2905725555555
2023-12-19,CR,E,J,LSTM_3,378.83877333333334
2023-12-20,CR,E,J,LSTM_3,432.05420933333335
2023-12-21,CR,E,J,LSTM_3,594.9299324444445
2023-12-22,CR,E,J,LSTM_3,356.70031833333337
2023-12-23,CR,E,J,LSTM_3,565.6166337777778
2023-12-24,CR,E,J,LSTM_3,0.0
2023-12-25,CR,E,J,LSTM_3,349.136001
2023-12-26,CR,E,J,LSTM_3,439.5713943333333
2023-12-27,CR,E,J,LSTM_3,507.7661197777778
2023-12-28,CR,E,J,LSTM_3,400.08301122222224
2023-12-29,CR,E,J,LSTM_3,345.03139366666665
2023-12-30,CR,E,J,LSTM_3,590.5840800000001
2023-12-31,CR,E,J,LSTM_3,0.0
2023-11-01,CR,E,S,LSTM_3,0.0
2023-11-02,CR,E,S,LSTM_3,0.0
2023-11-03,CR,E,S,LSTM_3,0.0
2023-11-04,CR,E,S,LSTM_3,0.0
2023-11-05,CR,E,S,LSTM_3,0.0
2023-11-06,CR,E,S,LSTM_3,0.0
2023-11-07,CR,E,S,LSTM_3,0.0
2023-11-08,CR,E,S,LSTM_3,0.0
2023-11-09,CR,E,S,LSTM_3,0.0
2023-11-10,CR,E,S,LSTM_3,0.0
2023-11-11,CR,E,S,LSTM_3,0.0
2023-11-12,CR,E,S,LSTM_3,0.0
2023-11-13,CR,E,S,LSTM_3,0.0
2023-11-14,CR,E,S,LSTM_3,0.0
2023-11-15,CR,E,S,LSTM_3,0.0
2023-11-16,CR,E,S,LSTM_3,0.0
2023-11-17,CR,E,S,LSTM_3,0.0
2023-11-18,CR,E,S,LSTM_3,0.0
2023-11-19,CR,E,S,LSTM_3,0.0
2023-11-20,CR,E,S,LSTM_3,0.0
2023-11-21,CR,E,S,LSTM_3,0.0
2023-11-22,CR,E,S,LSTM_3,0.0
2023-11-23,CR,E,S,LSTM_3,0.0
2023-11-24,CR,E,S,LSTM_3,0.0
2023-11-25,CR,E,S,LSTM_3,0.0
2023-11-26,CR,E,S,LSTM_3,0.0
2023-11-27,CR,E,S,LSTM_3,0.0
2023-11-28,CR,E,S,LSTM_3,0.0
2023-11-29,CR,E,S,LSTM_3,0.0
2023-11-30,CR,E,S,LSTM_3,0.0
2023-12-01,CR,E,S,LSTM_3,0.0
2023-12-02,CR,E,S,LSTM_3,0.0
2023-12-03,CR,E,S,LSTM_3,0.0
2023-12-04,CR,E,S,LSTM_3,0.0
2023-12-05,CR,E,S,LSTM_3,0.0
2023-12-06,CR,E,S,LSTM_3,0.0
2023-12-07,CR,E,S,LSTM_3,0.0
2023-12-08,CR,E,S,LSTM_3,0.0
2023-12-09,CR,E,S,LSTM_3,0.0
2023-12-10,CR,E,S,LSTM_3,0.0
2023-12-11,CR,E,S,LSTM_3,0.0
2023-12-12,CR,E,S,LSTM_3,0.0
2023-12-13,CR,E,S,LSTM_3,0.0
2023-12-14,CR,E,S,LSTM_3,0.0
2023-12-15,CR,E,S,LSTM_3,0.0
2023-12-16,CR,E,S,LSTM_3,0.0
2023-12-17,CR,E,S,LSTM_3,0.0
2023-12-18,CR,E,S,LSTM_3,0.0
2023-12-19,CR,E,S,LSTM_3,0.0
2023-12-20,CR,E,S,LSTM_3,0.0
2023-12-21,CR,E,S,LSTM_3,0.0
2023-12-22,CR,E,S,LSTM_3,0.0
2023-12-23,CR,E,S,LSTM_3,0.0
2023-12-24,CR,E,S,LSTM_3,0.0
2023-12-25,CR,E,S,LSTM_3,0.0
2023-12-26,CR,E,S,LSTM_3,0.0
2023-12-27,CR,E,S,LSTM_3,0.0
2023-12-28,CR,E,S,LSTM_3,0.0
2023-12-29,CR,E,S,LSTM_3,0.0
2023-12-30,CR,E,S,LSTM_3,0.0
2023-12-31,CR,E,S,LSTM_3,0.0
2023-11-01,RD,A,J,LSTM_3,85.21541133333334
2023-11-02,RD,A,J,LSTM_3,67.95209018888889
2023-11-03,RD,A,J,LSTM_3,57.5054714
2023-11-04,RD,A,J,LSTM_3,64.46478534444445
2023-11-05,RD,A,J,LSTM_3,0.0
2023-11-06,RD,A,J,LSTM_3,1.0965411111111112
2023-11-07,RD,A,J,LSTM_3,45.55339824444444
2023-11-08,RD,A,J,LSTM_3,26.13686532222222
2023-11-09,RD,A,J,LSTM_3,20.038694066666665
2023-11-10,RD,A,J,LSTM_3,13.451947922222223
2023-11-11,RD,A,J,LSTM_3,15.83800832222222
2023-11-12,RD,A,J,LSTM_3,0.0
2023-11-13,RD,A,J,LSTM_3,1.0965411111111112
2023-11-14,RD,A,J,LSTM_3,27.853207055555554
2023-11-15,RD,A,J,LSTM_3,24.5524591
2023-11-16,RD,A,J,LSTM_3,21.430927433333334
2023-11-17,RD,A,J,LSTM_3,14.115009133333333
2023-11-18,RD,A,J,LSTM_3,20.12443921111111
2023-11-19,RD,A,J,LSTM_3,0.0
2023-11-20,RD,A,J,LSTM_3,1.0965411111111112
2023-11-21,RD,A,J,LSTM_3,10.5330493
2023-11-22,RD,A,J,LSTM_3,10.708342655555557
2023-11-23,RD,A,J,LSTM_3,0.7556128222222224
2023-11-24,RD,A,J,LSTM_3,4.964948155555555
2023-11-25,RD,A,J,LSTM_3,5.532300233333333
2023-11-26,RD,A,J,LSTM_3,0.0
2023-11-27,RD,A,J,LSTM_3,1.0965411111111112
2023-11-28,RD,A,J,LSTM_3,11.15866568111111
2023-11-29,RD,A,J,LSTM_3,10.81218148888889
2023-11-30,RD,A,J,LSTM_3,8.914600622222222
2023-12-01,RD,A,J,LSTM_3,4.692892455555556
2023-12-02,RD,A,J,LSTM_3,5.589282888888889
2023-12-03,RD,A,J,LSTM_3,0.0
2023-12-04,RD,A,J,LSTM_3,1.0965411111111112
2023-12-05,RD,A,J,LSTM_3,14.396172
2023-12-06,RD,A,J,LSTM_3,32.26930248888889
2023-12-07,RD,A,J,LSTM_3,276.69299666666666
2023-12-08,RD,A,J,LSTM_3,296.6241679333333
2023-12-09,RD,A,J,LSTM_3,362.6083488888889
2023-12-10,RD,A,J,LSTM_3,0.0
2023-12-11,RD,A,J,LSTM_3,424.6475977777778
2023-12-12,RD,A,J,LSTM_3,928.6821555555556
2023-12-13,RD,A,J,LSTM_3,1000.5022922222223
2023-12-14,RD,A,J,LSTM_3,821.5941911111111
2023-12-15,RD,A,J,LSTM_3,372.2836168888889
2023-12-16,RD,A,J,LSTM_3,949.900448888889
2023-12-17,RD,A,J,LSTM_3,0.0
2023-12-18,RD,A,J,LSTM_3,21.681985666666666
2023-12-19,RD,A,J,LSTM_3,424.59328555555555
2023-12-20,RD,A,J,LSTM_3,374.00967377777783
2023-12-21,RD,A,J,LSTM_3,408.76260333333335
2023-12-22,RD,A,J,LSTM_3,268.0478007444445
2023-12-23,RD,A,J,LSTM_3,197.16075326666663
2023-12-24,RD,A,J,LSTM_3,0.0
2023-12-25,RD,A,J,LSTM_3,667.0709044444444
2023-12-26,RD,A,J,LSTM_3,740.2080588888889
2023-12-27,RD,A,J,LSTM_3,963.0872188888887
2023-12-28,RD,A,J,LSTM_3,379.07724777777776
2023-12-29,RD,A,J,LSTM_3,363.32114177777777
2023-12-30,RD,A,J,LSTM_3,407.95290111111103
2023-12-31,RD,A,J,LSTM_3,0.0
2023-11-01,RD,A,S,LSTM_3,28.179567095555555
2023-11-02,RD,A,S,LSTM_3,28.89405530555555
2023-11-03,RD,A,S,LSTM_3,34.199870417777774
2023-11-04,RD,A,S,LSTM_3,31.28949906
2023-11-05,RD,A,S,LSTM_3,0.0
2023-11-06,RD,A,S,LSTM_3,32.40246375444444
2023-11-07,RD,A,S,LSTM_3,28.416244245555557
2023-11-08,RD,A,S,LSTM_3,28.179567095555555
2023-11-09,RD,A,S,LSTM_3,28.89405530555555
2023-11-10,RD,A,S,LSTM_3,34.199870417777774
2023-11-11,RD,A,S,LSTM_3,31.28949906
2023-11-12,RD,A,S,LSTM_3,0.0
2023-11-13,RD,A,S,LSTM_3,32.40246375444444
2023-11-14,RD,A,S,LSTM_3,28.416244245555557
2023-11-15,RD,A,S,LSTM_3,28.179567095555555
2023-11-16,RD,A,S,LSTM_3,28.89405530555555
2023-11-17,RD,A,S,LSTM_3,34.199870417777774
2023-11-18,RD,A,S,LSTM_3,31.28949906
2023-11-19,RD,A,S,LSTM_3,0.0
2023-11-20,RD,A,S,LSTM_3,32.40246375444444
2023-11-21,RD,A,S,LSTM_3,28.416244245555557
2023-11-22,RD,A,S,LSTM_3,28.179567095555555
2023-11-23,RD,A,S,LSTM_3,28.89405530555555
2023-11-24,RD,A,S,LSTM_3,34.199870417777774
2023-11-25,RD,A,S,LSTM_3,31.28949906
2023-11-26,RD,A,S,LSTM_3,0.0
2023-11-27,RD,A,S,LSTM_3,32.40246375444444
2023-11-28,RD,A,S,LSTM_3,28.416244245555557
2023-11-29,RD,A,S,LSTM_3,28.179567095555555
2023-11-30,RD,A,S,LSTM_3,48.27104708888888
2023-12-01,RD,A,S,LSTM_3,54.85168031111111
2023-12-02,RD,A,S,LSTM_3,31.29080684444444
2023-12-03,RD,A,S,LSTM_3,0.0
2023-12-04,RD,A,S,LSTM_3,32.40246375444444
2023-12-05,RD,A,S,LSTM_3,64.40129771111111
2023-12-06,RD,A,S,LSTM_3,214.02119777777776
2023-12-07,RD,A,S,LSTM_3,255.16243666666665
2023-12-08,RD,A,S,LSTM_3,253.12145111111118
2023-12-09,RD,A,S,LSTM_3,312.3547027777778
2023-12-10,RD,A,S,LSTM_3,0.0
2023-12-11,RD,A,S,LSTM_3,73.3667018888889
2023-12-12,RD,A,S,LSTM_3,254.74766666666665
2023-12-13,RD,A,S,LSTM_3,274.77574444444446
2023-12-14,RD,A,S,LSTM_3,264.79763388888887
2023-12-15,RD,A,S,LSTM_3,309.1339222222223
2023-12-16,RD,A,S,LSTM_3,309.6601211111111
2023-12-17,RD,A,S,LSTM_3,0.0
2023-12-18,RD,A,S,LSTM_3,59.08134072222222
2023-12-19,RD,A,S,LSTM_3,158.23039833333334
2023-12-20,RD,A,S,LSTM_3,430.80639444444444
2023-12-21,RD,A,S,LSTM_3,312.8162384444445
2023-12-22,RD,A,S,LSTM_3,315.71161599999994
2023-12-23,RD,A,S,LSTM_3,454.49878777777775
2023-12-24,RD,A,S,LSTM_3,0.0
2023-12-25,RD,A,S,LSTM_3,427.3398848888889
2023-12-26,RD,A,S,LSTM_3,411.17655666666667
2023-12-27,RD,A,S,LSTM_3,429.2769561111111
2023-12-28,RD,A,S,LSTM_3,429.52070166666664
2023-12-29,RD,A,S,LSTM_3,327.94192111111107
2023-12-30,RD,A,S,LSTM_3,465.2665361111111
2023-12-31,RD,A,S,LSTM_3,0.0
2023-11-01,RD,C,S,LSTM_3,0.49864759999999997
2023-11-02,RD,C,S,LSTM_3,0.5075002777777777
2023-11-03,RD,C,S,LSTM_3,0.5481639222222222
2023-11-04,RD,C,S,LSTM_3,0.524533888888889
2023-11-05,RD,C,S,LSTM_3,0.0
2023-11-06,RD,C,S,LSTM_3,0.5359261222222221
2023-11-07,RD,C,S,LSTM_3,0.5020205555555556
2023-11-08,RD,C,S,LSTM_3,0.49864759999999997
2023-11-09,RD,C,S,LSTM_3,0.5075002777777777
2023-11-10,RD,C,S,LSTM_3,0.5481639222222222
2023-11-11,RD,C,S,LSTM_3,0.524533888888889
2023-11-12,RD,C,S,LSTM_3,0.0
2023-11-13,RD,C,S,LSTM_3,0.5359261222222221
2023-11-14,RD,C,S,LSTM_3,0.5020205555555556
2023-11-15,RD,C,S,LSTM_3,0.49864759999999997
2023-11-16,RD,C,S,LSTM_3,0.5075002777777777
2023-11-17,RD,C,S,LSTM_3,0.5481639222222222
2023-11-18,RD,C,S,LSTM_3,0.524533888888889
2023-11-19,RD,C,S,LSTM_3,0.0
2023-11-20,RD,C,S,LSTM_3,0.5359261222222221
2023-11-21,RD,C,S,LSTM_3,0.5020205555555556
2023-11-22,RD,C,S,LSTM_3,0.49864759999999997
2023-11-23,RD,C,S,LSTM_3,0.5075002777777777
2023-11-24,RD,C,S,LSTM_3,0.5481639222222222
2023-11-25,RD,C,S,LSTM_3,0.524533888888889
2023-11-26,RD,C,S,LSTM_3,0.0
2023-11-27,RD,C,S,LSTM_3,0.5359261222222221
2023-11-28,RD,C,S,LSTM_3,0.5020205555555556
2023-11-29,RD,C,S,LSTM_3,0.49864759999999997
2023-11-30,RD,C,S,LSTM_3,0.5075002777777777
2023-12-01,RD,C,S,LSTM_3,0.5481638444444444
2023-12-02,RD,C,S,LSTM_3,0.5245338333333334
2023-12-03,RD,C,S,LSTM_3,0.0
2023-12-04,RD,C,S,LSTM_3,0.5359261222222221
2023-12-05,RD,C,S,LSTM_3,0.5020205555555556
2023-12-06,RD,C,S,LSTM_3,0.49864759999999997
2023-12-07,RD,C,S,LSTM_3,0.5075002777777777
2023-12-08,RD,C,S,LSTM_3,0.5481639222222222
2023-12-09,RD,C,S,LSTM_3,0.524533888888889
2023-12-10,RD,C,S,LSTM_3,0.0
2023-12-11,RD,C,S,LSTM_3,0.5359261222222221
2023-12-12,RD,C,S,LSTM_3,0.5020205555555556
2023-12-13,RD,C,S,LSTM_3,0.49864759999999997
2023-12-14,RD,C,S,LSTM_3,0.5075002777777777
2023-12-15,RD,C,S,LSTM_3,0.5481639222222222
2023-12-16,RD,C,S,LSTM_3,0.524533888888889
2023-12-17,RD,C,S,LSTM_3,0.0
2023-12-18,RD,C,S,LSTM_3,0.5359261222222221
2023-12-19,RD,C,S,LSTM_3,0.5020205555555556
2023-12-20,RD,C,S,LSTM_3,0.49864759999999997
2023-12-21,RD,C,S,LSTM_3,0.5075002777777777
2023-12-22,RD,C,S,LSTM_3,0.5481639222222222
2023-12-23,RD,C,S,LSTM_3,0.524533888888889
2023-12-24,RD,C,S,LSTM_3,0.0
2023-12-25,RD,C,S,LSTM_3,0.5359261222222221
2023-12-26,RD,C,S,LSTM_3,0.5020205555555556
2023-12-27,RD,C,S,LSTM_3,0.49864759999999997
2023-12-28,RD,C,S,LSTM_3,0.5075002777777777
2023-12-29,RD,C,S,LSTM_3,0.5481639222222222
2023-12-30,RD,C,S,LSTM_3,0.524533888888889
2023-12-31,RD,C,S,LSTM_3,0.0
2023-11-01,RD,D,J,LSTM_3,10.328545117777777
2023-11-02,RD,D,J,LSTM_3,10.608143483333334
2023-11-03,RD,D,J,LSTM_3,16.79300895777778
2023-11-04,RD,D,J,LSTM_3,11.885754625
2023-11-05,RD,D,J,LSTM_3,0.0
2023-11-06,RD,D,J,LSTM_3,13.566315517777777
2023-11-07,RD,D,J,LSTM_3,30.893192277
2023-11-08,RD,D,J,LSTM_3,10.328773306666667
2023-11-09,RD,D,J,LSTM_3,10.608143483333334
2023-11-10,RD,D,J,LSTM_3,16.79300895777778
2023-11-11,RD,D,J,LSTM_3,11.885754625
2023-11-12,RD,D,J,LSTM_3,0.0
2023-11-13,RD,D,J,LSTM_3,13.566315517777777
2023-11-14,RD,D,J,LSTM_3,10.400599828555555
2023-11-15,RD,D,J,LSTM_3,10.328545117777777
2023-11-16,RD,D,J,LSTM_3,10.608143483333334
2023-11-17,RD,D,J,LSTM_3,16.79300895777778
2023-11-18,RD,D,J,LSTM_3,11.885754625
2023-11-19,RD,D,J,LSTM_3,0.0
2023-11-20,RD,D,J,LSTM_3,13.566315517777777
2023-11-21,RD,D,J,LSTM_3,10.400599828555555
2023-11-22,RD,D,J,LSTM_3,10.328545117777777
2023-11-23,RD,D,J,LSTM_3,10.608143483333334
2023-11-24,RD,D,J,LSTM_3,16.79300895777778
2023-11-25,RD,D,J,LSTM_3,11.885754625
2023-11-26,RD,D,J,LSTM_3,0.0
2023-11-27,RD,D,J,LSTM_3,13.566315517777777
2023-11-28,RD,D,J,LSTM_3,10.400599828555555
2023-11-29,RD,D,J,LSTM_3,10.328545117777777
2023-11-30,RD,D,J,LSTM_3,10.608143483333334
2023-12-01,RD,D,J,LSTM_3,16.79301330722222
2023-12-02,RD,D,J,LSTM_3,11.885757676666666
2023-12-03,RD,D,J,LSTM_3,0.0
2023-12-04,RD,D,J,LSTM_3,13.566315517777777
2023-12-05,RD,D,J,LSTM_3,10.400599828555555
2023-12-06,RD,D,J,LSTM_3,10.328545117777777
2023-12-07,RD,D,J,LSTM_3,10.608143483333334
2023-12-08,RD,D,J,LSTM_3,37.13591014555555
2023-12-09,RD,D,J,LSTM_3,11.885406791666664
2023-12-10,RD,D,J,LSTM_3,0.0
2023-12-11,RD,D,J,LSTM_3,13.566315517777777
2023-12-12,RD,D,J,LSTM_3,272.95427888888884
2023-12-13,RD,D,J,LSTM_3,10.329266551111111
2023-12-14,RD,D,J,LSTM_3,10.608143483333334
2023-12-15,RD,D,J,LSTM_3,87.21754007777777
2023-12-16,RD,D,J,LSTM_3,379.32372888888887
2023-12-17,RD,D,J,LSTM_3,0.0
2023-12-18,RD,D,J,LSTM_3,13.564742773333334
2023-12-19,RD,D,J,LSTM_3,10.400599828555555
2023-12-20,RD,D,J,LSTM_3,10.328545117777777
2023-12-21,RD,D,J,LSTM_3,74.48076474444444
2023-12-22,RD,D,J,LSTM_3,38.91039888577778
2023-12-23,RD,D,J,LSTM_3,58.971236652888884
2023-12-24,RD,D,J,LSTM_3,0.0
2023-12-25,RD,D,J,LSTM_3,384.80974
2023-12-26,RD,D,J,LSTM_3,398.9394044444445
2023-12-27,RD,D,J,LSTM_3,253.03081333333336
2023-12-28,RD,D,J,LSTM_3,370.8715877777778
2023-12-29,RD,D,J,LSTM_3,41.3702190326
2023-12-30,RD,D,J,LSTM_3,395.6270933333333
2023-12-31,RD,D,J,LSTM_3,0.0
2023-11-01,RD,D,S,LSTM_3,31.86749205777778
2023-11-02,RD,D,S,LSTM_3,32.391621359999995
2023-11-03,RD,D,S,LSTM_3,47.21251766222222
2023-11-04,RD,D,S,LSTM_3,34.541038606
2023-11-05,RD,D,S,LSTM_3,0.0
2023-11-06,RD,D,S,LSTM_3,37.05929502555555
2023-11-07,RD,D,S,LSTM_3,32.012967427777774
2023-11-08,RD,D,S,LSTM_3,31.86749205777778
2023-11-09,RD,D,S,LSTM_3,32.391621359999995
2023-11-10,RD,D,S,LSTM_3,47.21251766222222
2023-11-11,RD,D,S,LSTM_3,34.541038606
2023-11-12,RD,D,S,LSTM_3,0.0
2023-11-13,RD,D,S,LSTM_3,37.05929502555555
2023-11-14,RD,D,S,LSTM_3,32.012967427777774
2023-11-15,RD,D,S,LSTM_3,31.86749205777778
2023-11-16,RD,D,S,LSTM_3,32.391621359999995
2023-11-17,RD,D,S,LSTM_3,47.21251766222222
2023-11-18,RD,D,S,LSTM_3,34.541038606
2023-11-19,RD,D,S,LSTM_3,0.0
2023-11-20,RD,D,S,LSTM_3,37.05929502555555
2023-11-21,RD,D,S,LSTM_3,32.012967427777774
2023-11-22,RD,D,S,LSTM_3,31.86749205777778
2023-11-23,RD,D,S,LSTM_3,32.391621359999995
2023-11-24,RD,D,S,LSTM_3,47.21251766222222
2023-11-25,RD,D,S,LSTM_3,34.541038606
2023-11-26,RD,D,S,LSTM_3,0.0
2023-11-27,RD,D,S,LSTM_3,37.05929502555555
2023-11-28,RD,D,S,LSTM_3,32.012967427777774
2023-11-29,RD,D,S,LSTM_3,31.86749205777778
2023-11-30,RD,D,S,LSTM_3,48.69688358888889
2023-12-01,RD,D,S,LSTM_3,72.12309481111112
2023-12-02,RD,D,S,LSTM_3,50.62456527777778
2023-12-03,RD,D,S,LSTM_3,0.0
2023-12-04,RD,D,S,LSTM_3,61.19661274444445
2023-12-05,RD,D,S,LSTM_3,32.01347297444444
2023-12-06,RD,D,S,LSTM_3,50.802478666666666
2023-12-07,RD,D,S,LSTM_3,50.60341144444445
2023-12-08,RD,D,S,LSTM_3,107.39058255555555
2023-12-09,RD,D,S,LSTM_3,91.1029982222222
2023-12-10,RD,D,S,LSTM_3,0.0
2023-12-11,RD,D,S,LSTM_3,37.05912219333333
2023-12-12,RD,D,S,LSTM_3,44.748194688888894
2023-12-13,RD,D,S,LSTM_3,132.41386033333336
2023-12-14,RD,D,S,LSTM_3,93.21291544444446
2023-12-15,RD,D,S,LSTM_3,148.65301111111114
2023-12-16,RD,D,S,LSTM_3,134.96519588888887
2023-12-17,RD,D,S,LSTM_3,0.0
2023-12-18,RD,D,S,LSTM_3,37.05905836888889
2023-12-19,RD,D,S,LSTM_3,80.644069
2023-12-20,RD,D,S,LSTM_3,380.7954955555556
2023-12-21,RD,D,S,LSTM_3,200.6200211111111
2023-12-22,RD,D,S,LSTM_3,300.52445555555556
2023-12-23,RD,D,S,LSTM_3,397.20667222222227
2023-12-24,RD,D,S,LSTM_3,0.0
2023-12-25,RD,D,S,LSTM_3,207.36312333333336
2023-12-26,RD,D,S,LSTM_3,375.06941333333333
2023-12-27,RD,D,S,LSTM_3,390.5763922222222
2023-12-28,RD,D,S,LSTM_3,382.0349711111111
2023-12-29,RD,D,S,LSTM_3,317.65548999999993
2023-12-30,RD,D,S,LSTM_3,413.6692244444445
2023-12-31,RD,D,S,LSTM_3,0.0
2023-11-01,RD,E,J,LSTM_3,40.256787205555554
2023-11-02,RD,E,J,LSTM_3,40.67662109444445
2023-11-03,RD,E,J,LSTM_3,52.290122427777774
2023-11-04,RD,E,J,LSTM_3,43.32535087222223
2023-11-05,RD,E,J,LSTM_3,0.0
2023-11-06,RD,E,J,LSTM_3,46.696645205555555
2023-11-07,RD,E,J,LSTM_3,40.33780306111111
2023-11-08,RD,E,J,LSTM_3,40.256787205555554
2023-11-09,RD,E,J,LSTM_3,40.67662109444445
2023-11-10,RD,E,J,LSTM_3,52.290122427777774
2023-11-11,RD,E,J,LSTM_3,43.32535087222223
2023-11-12,RD,E,J,LSTM_3,0.0
2023-11-13,RD,E,J,LSTM_3,46.696645205555555
2023-11-14,RD,E,J,LSTM_3,40.33780306111111
2023-11-15,RD,E,J,LSTM_3,40.256787205555554
2023-11-16,RD,E,J,LSTM_3,40.67662109444445
2023-11-17,RD,E,J,LSTM_3,52.290122427777774
2023-11-18,RD,E,J,LSTM_3,43.32535087222223
2023-11-19,RD,E,J,LSTM_3,0.0
2023-11-20,RD,E,J,LSTM_3,46.696645205555555
2023-11-21,RD,E,J,LSTM_3,40.33780306111111
2023-11-22,RD,E,J,LSTM_3,40.256787205555554
2023-11-23,RD,E,J,LSTM_3,40.67662109444445
2023-11-24,RD,E,J,LSTM_3,52.290122427777774
2023-11-25,RD,E,J,LSTM_3,43.32535087222223
2023-11-26,RD,E,J,LSTM_3,0.0
2023-11-27,RD,E,J,LSTM_3,46.696645205555555
2023-11-28,RD,E,J,LSTM_3,40.33780306111111
2023-11-29,RD,E,J,LSTM_3,40.256787205555554
2023-11-30,RD,E,J,LSTM_3,40.67662109444445
2023-12-01,RD,E,J,LSTM_3,52.290123538888885
2023-12-02,RD,E,J,LSTM_3,43.32534665
2023-12-03,RD,E,J,LSTM_3,0.0
2023-12-04,RD,E,J,LSTM_3,46.696645205555555
2023-12-05,RD,E,J,LSTM_3,69.20216153888889
2023-12-06,RD,E,J,LSTM_3,40.25709265
2023-12-07,RD,E,J,LSTM_3,40.67662109444445
2023-12-08,RD,E,J,LSTM_3,52.290122427777774
2023-12-09,RD,E,J,LSTM_3,43.32535087222223
2023-12-10,RD,E,J,LSTM_3,0.0
2023-12-11,RD,E,J,LSTM_3,46.696645205555555
2023-12-12,RD,E,J,LSTM_3,40.33780306111111
2023-12-13,RD,E,J,LSTM_3,135.07812266666667
2023-12-14,RD,E,J,LSTM_3,329.9711477777778
2023-12-15,RD,E,J,LSTM_3,107.64395665
2023-12-16,RD,E,J,LSTM_3,80.62895165
2023-12-17,RD,E,J,LSTM_3,0.0
2023-12-18,RD,E,J,LSTM_3,46.69673398333334
2023-12-19,RD,E,J,LSTM_3,40.33780306111111
2023-12-20,RD,E,J,LSTM_3,311.00917000000004
2023-12-21,RD,E,J,LSTM_3,285.34159
2023-12-22,RD,E,J,LSTM_3,307.3822311111111
2023-12-23,RD,E,J,LSTM_3,204.21610666666666
2023-12-24,RD,E,J,LSTM_3,0.0
2023-12-25,RD,E,J,LSTM_3,75.53142498333334
2023-12-26,RD,E,J,LSTM_3,171.31849777777776
2023-12-27,RD,E,J,LSTM_3,40.25708131666667
2023-12-28,RD,E,J,LSTM_3,133.71247366666665
2023-12-29,RD,E,J,LSTM_3,327.28230333333335
2023-12-30,RD,E,J,LSTM_3,242.09337000000005
2023-12-31,RD,E,J,LSTM_3,0.0
2023-11-01,RD,E,S,LSTM_3,39.74801255555556
2023-11-02,RD,E,S,LSTM_3,40.06635588888889
2023-11-03,RD,E,S,LSTM_3,43.533814666666665
2023-11-04,RD,E,S,LSTM_3,41.130497000000005
2023-11-05,RD,E,S,LSTM_3,0.0
2023-11-06,RD,E,S,LSTM_3,42.12164388888888
2023-11-07,RD,E,S,LSTM_3,39.84632707777777
2023-11-08,RD,E,S,LSTM_3,39.74801255555556
2023-11-09,RD,E,S,LSTM_3,40.06635588888889
2023-11-10,RD,E,S,LSTM_3,43.533814666666665
2023-11-11,RD,E,S,LSTM_3,41.130497000000005
2023-11-12,RD,E,S,LSTM_3,0.0
2023-11-13,RD,E,S,LSTM_3,42.12164388888888
2023-11-14,RD,E,S,LSTM_3,39.84632707777777
2023-11-15,RD,E,S,LSTM_3,39.74801255555556
2023-11-16,RD,E,S,LSTM_3,40.06635588888889
2023-11-17,RD,E,S,LSTM_3,43.533814666666665
2023-11-18,RD,E,S,LSTM_3,41.130497000000005
2023-11-19,RD,E,S,LSTM_3,0.0
2023-11-20,RD,E,S,LSTM_3,42.12164388888888
2023-11-21,RD,E,S,LSTM_3,39.84632707777777
2023-11-22,RD,E,S,LSTM_3,39.74801255555556
2023-11-23,RD,E,S,LSTM_3,40.06635588888889
2023-11-24,RD,E,S,LSTM_3,43.533814666666665
2023-11-25,RD,E,S,LSTM_3,41.130497000000005
2023-11-26,RD,E,S,LSTM_3,0.0
2023-11-27,RD,E,S,LSTM_3,42.12164388888888
2023-11-28,RD,E,S,LSTM_3,39.84632707777777
2023-11-29,RD,E,S,LSTM_3,39.74801255555556
2023-11-30,RD,E,S,LSTM_3,40.06635588888889
2023-12-01,RD,E,S,LSTM_3,43.53381511111111
2023-12-02,RD,E,S,LSTM_3,41.13049711111111
2023-12-03,RD,E,S,LSTM_3,0.0
2023-12-04,RD,E,S,LSTM_3,42.12164388888888
2023-12-05,RD,E,S,LSTM_3,39.84632707777777
2023-12-06,RD,E,S,LSTM_3,40.191327333333334
2023-12-07,RD,E,S,LSTM_3,40.575841555555556
2023-12-08,RD,E,S,LSTM_3,43.53417788888889
2023-12-09,RD,E,S,LSTM_3,41.331334
2023-12-10,RD,E,S,LSTM_3,0.0
2023-12-11,RD,E,S,LSTM_3,42.121917777777774
2023-12-12,RD,E,S,LSTM_3,39.84632707777777
2023-12-13,RD,E,S,LSTM_3,39.74801255555556
2023-12-14,RD,E,S,LSTM_3,40.06635588888889
2023-12-15,RD,E,S,LSTM_3,43.449009
2023-12-16,RD,E,S,LSTM_3,40.81842911111111
2023-12-17,RD,E,S,LSTM_3,0.0
2023-12-18,RD,E,S,LSTM_3,42.12203244444444
2023-12-19,RD,E,S,LSTM_3,39.84632707777777
2023-12-20,RD,E,S,LSTM_3,46.50434722222222
2023-12-21,RD,E,S,LSTM_3,40.06932377777778
2023-12-22,RD,E,S,LSTM_3,43.533814666666665
2023-12-23,RD,E,S,LSTM_3,41.130497000000005
2023-12-24,RD,E,S,LSTM_3,0.0
2023-12-25,RD,E,S,LSTM_3,47.84962511111111
2023-12-26,RD,E,S,LSTM_3,39.84926958888889
2023-12-27,RD,E,S,LSTM_3,45.704858
2023-12-28,RD,E,S,LSTM_3,43.57065633333333
2023-12-29,RD,E,S,LSTM_3,43.535356111111106
2023-12-30,RD,E,S,LSTM_3,41.130497000000005
2023-12-31,RD,E,S,LSTM_3,0.0
2023-11-01,RD,F,J,LSTM_3,49.468522011111105
2023-11-02,RD,F,J,LSTM_3,49.41668553555556
2023-11-03,RD,F,J,LSTM_3,49.92465818222222
2023-11-04,RD,F,J,LSTM_3,49.47015566666667
2023-11-05,RD,F,J,LSTM_3,0.0
2023-11-06,RD,F,J,LSTM_3,49.623291977777775
2023-11-07,RD,F,J,LSTM_3,58.297649713333335
2023-11-08,RD,F,J,LSTM_3,49.468264052222224
2023-11-09,RD,F,J,LSTM_3,49.41668553555556
2023-11-10,RD,F,J,LSTM_3,49.92465818222222
2023-11-11,RD,F,J,LSTM_3,49.47015566666667
2023-11-12,RD,F,J,LSTM_3,0.0
2023-11-13,RD,F,J,LSTM_3,49.623291977777775
2023-11-14,RD,F,J,LSTM_3,49.440070993333336
2023-11-15,RD,F,J,LSTM_3,49.468522011111105
2023-11-16,RD,F,J,LSTM_3,49.41668553555556
2023-11-17,RD,F,J,LSTM_3,49.92465818222222
2023-11-18,RD,F,J,LSTM_3,49.47015566666667
2023-11-19,RD,F,J,LSTM_3,0.0
2023-11-20,RD,F,J,LSTM_3,49.623291977777775
2023-11-21,RD,F,J,LSTM_3,64.71283920444444
2023-11-22,RD,F,J,LSTM_3,70.4437657588889
2023-11-23,RD,F,J,LSTM_3,80.48498833333333
2023-11-24,RD,F,J,LSTM_3,64.18321404444445
2023-11-25,RD,F,J,LSTM_3,49.46986981111112
2023-11-26,RD,F,J,LSTM_3,0.0
2023-11-27,RD,F,J,LSTM_3,49.62294265333333
2023-11-28,RD,F,J,LSTM_3,64.47473352888889
2023-11-29,RD,F,J,LSTM_3,80.25027677777777
2023-11-30,RD,F,J,LSTM_3,160.88538899999998
2023-12-01,RD,F,J,LSTM_3,249.225697
2023-12-02,RD,F,J,LSTM_3,253.74924777777778
2023-12-03,RD,F,J,LSTM_3,0.0
2023-12-04,RD,F,J,LSTM_3,117.48920477777776
2023-12-05,RD,F,J,LSTM_3,340.19317911111114
2023-12-06,RD,F,J,LSTM_3,426.1156422222223
2023-12-07,RD,F,J,LSTM_3,430.1345973333333
2023-12-08,RD,F,J,LSTM_3,450.84694700000006
2023-12-09,RD,F,J,LSTM_3,528.6480188888888
2023-12-10,RD,F,J,LSTM_3,0.0
2023-12-11,RD,F,J,LSTM_3,346.52786355555554
2023-12-12,RD,F,J,LSTM_3,475.87560422222225
2023-12-13,RD,F,J,LSTM_3,502.59994644444436
2023-12-14,RD,F,J,LSTM_3,536.4063817777778
2023-12-15,RD,F,J,LSTM_3,453.4755011111111
2023-12-16,RD,F,J,LSTM_3,493.49383944444446
2023-12-17,RD,F,J,LSTM_3,0.0
2023-12-18,RD,F,J,LSTM_3,476.97160433333335
2023-12-19,RD,F,J,LSTM_3,435.518425
2023-12-20,RD,F,J,LSTM_3,414.92555000000004
2023-12-21,RD,F,J,LSTM_3,411.5435288888889
2023-12-22,RD,F,J,LSTM_3,434.33164000000005
2023-12-23,RD,F,J,LSTM_3,438.2046511111111
2023-12-24,RD,F,J,LSTM_3,0.0
2023-12-25,RD,F,J,LSTM_3,485.0779752222222
2023-12-26,RD,F,J,LSTM_3,454.9805627777778
2023-12-27,RD,F,J,LSTM_3,405.90040555555555
2023-12-28,RD,F,J,LSTM_3,474.165072
2023-12-29,RD,F,J,LSTM_3,408.6511277777778
2023-12-30,RD,F,J,LSTM_3,416.1623928888889
2023-12-31,RD,F,J,LSTM_3,0.0
2023-11-01,TG,A,J,LSTM_3,1253.0648844444445
2023-11-02,TG,A,J,LSTM_3,1209.4534733333335
2023-11-03,TG,A,J,LSTM_3,690.2375761111111
2023-11-04,TG,A,J,LSTM_3,1168.6095688888888
2023-11-05,TG,A,J,LSTM_3,0.0
2023-11-06,TG,A,J,LSTM_3,1040.0603822222222
2023-11-07,TG,A,J,LSTM_3,1198.0149933333332
2023-11-08,TG,A,J,LSTM_3,1286.5983666666666
2023-11-09,TG,A,J,LSTM_3,1418.3847711111111
2023-11-10,TG,A,J,LSTM_3,909.4473544444445
2023-11-11,TG,A,J,LSTM_3,1345.949948888889
2023-11-12,TG,A,J,LSTM_3,0.0
2023-11-13,TG,A,J,LSTM_3,1308.4828555555557
2023-11-14,TG,A,J,LSTM_3,1142.4615177777778
2023-11-15,TG,A,J,LSTM_3,1462.7000333333333
2023-11-16,TG,A,J,LSTM_3,1380.4944444444445
2023-11-17,TG,A,J,LSTM_3,1072.6947555555555
2023-11-18,TG,A,J,LSTM_3,1352.3338222222224
2023-11-19,TG,A,J,LSTM_3,0.0
2023-11-20,TG,A,J,LSTM_3,1182.630576666667
2023-11-21,TG,A,J,LSTM_3,1271.5293055555553
2023-11-22,TG,A,J,LSTM_3,1281.0043500000002
2023-11-23,TG,A,J,LSTM_3,1593.8381111111112
2023-11-24,TG,A,J,LSTM_3,679.7481729777778
2023-11-25,TG,A,J,LSTM_3,1382.1882144444444
2023-11-26,TG,A,J,LSTM_3,0.0
2023-11-27,TG,A,J,LSTM_3,1161.3496222222223
2023-11-28,TG,A,J,LSTM_3,1292.3408033333333
2023-11-29,TG,A,J,LSTM_3,1518.8811555555558
2023-11-30,TG,A,J,LSTM_3,1595.204688888889
2023-12-01,TG,A,J,LSTM_3,1032.0373655555557
2023-12-02,TG,A,J,LSTM_3,1541.7065777777777
2023-12-03,TG,A,J,LSTM_3,0.0
2023-12-04,TG,A,J,LSTM_3,1297.6461222222222
2023-12-05,TG,A,J,LSTM_3,1301.11357
2023-12-06,TG,A,J,LSTM_3,1415.3743966666668
2023-12-07,TG,A,J,LSTM_3,1454.006111111111
2023-12-08,TG,A,J,LSTM_3,1177.15541
2023-12-09,TG,A,J,LSTM_3,1444.9067666666665
2023-12-10,TG,A,J,LSTM_3,0.0
2023-12-11,TG,A,J,LSTM_3,1047.040642222222
2023-12-12,TG,A,J,LSTM_3,1626.8389222222222
2023-12-13,TG,A,J,LSTM_3,1547.2667
2023-12-14,TG,A,J,LSTM_3,1365.9425999999999
2023-12-15,TG,A,J,LSTM_3,1219.0508233333333
2023-12-16,TG,A,J,LSTM_3,1496.6954777777776
2023-12-17,TG,A,J,LSTM_3,0.0
2023-12-18,TG,A,J,LSTM_3,1134.1279522222221
2023-12-19,TG,A,J,LSTM_3,1489.8899622222223
2023-12-20,TG,A,J,LSTM_3,1403.6027666666666
2023-12-21,TG,A,J,LSTM_3,1667.092611111111
2023-12-22,TG,A,J,LSTM_3,1260.8703633333332
2023-12-23,TG,A,J,LSTM_3,1513.825488888889
2023-12-24,TG,A,J,LSTM_3,0.0
2023-12-25,TG,A,J,LSTM_3,1155.4455644444447
2023-12-26,TG,A,J,LSTM_3,1322.965788888889
2023-12-27,TG,A,J,LSTM_3,1513.430133333333
2023-12-28,TG,A,J,LSTM_3,1508.5720666666668
2023-12-29,TG,A,J,LSTM_3,1274.8563833333333
2023-12-30,TG,A,J,LSTM_3,1622.3207444444442
2023-12-31,TG,A,J,LSTM_3,0.0
2023-11-01,TG,A,S,LSTM_3,1607.7745222222225
2023-11-02,TG,A,S,LSTM_3,1552.181377777778
2023-11-03,TG,A,S,LSTM_3,2527.113533333333
2023-11-04,TG,A,S,LSTM_3,1555.7670111111113
2023-11-05,TG,A,S,LSTM_3,0.0
2023-11-06,TG,A,S,LSTM_3,1657.0482999999997
2023-11-07,TG,A,S,LSTM_3,1903.0845888888891
2023-11-08,TG,A,S,LSTM_3,1676.8132666666668
2023-11-09,TG,A,S,LSTM_3,1597.0879
2023-11-10,TG,A,S,LSTM_3,2896.3436333333334
2023-11-11,TG,A,S,LSTM_3,1631.2218666666665
2023-11-12,TG,A,S,LSTM_3,0.0
2023-11-13,TG,A,S,LSTM_3,1762.0127
2023-11-14,TG,A,S,LSTM_3,1730.4118
2023-11-15,TG,A,S,LSTM_3,1601.0073888888887
2023-11-16,TG,A,S,LSTM_3,1581.8575444444443
2023-11-17,TG,A,S,LSTM_3,2335.760233333333
2023-11-18,TG,A,S,LSTM_3,1599.4648666666667
2023-11-19,TG,A,S,LSTM_3,0.0
2023-11-20,TG,A,S,LSTM_3,1554.3574666666666
2023-11-21,TG,A,S,LSTM_3,1565.7873444444444
2023-11-22,TG,A,S,LSTM_3,1586.8504777777778
2023-11-23,TG,A,S,LSTM_3,1583.9599888888888
2023-11-24,TG,A,S,LSTM_3,1252.5174510222223
2023-11-25,TG,A,S,LSTM_3,1471.751822222222
2023-11-26,TG,A,S,LSTM_3,0.0
2023-11-27,TG,A,S,LSTM_3,1658.4007777777779
2023-11-28,TG,A,S,LSTM_3,1508.2355666666667
2023-11-29,TG,A,S,LSTM_3,1590.5923
2023-11-30,TG,A,S,LSTM_3,1513.2894666666666
2023-12-01,TG,A,S,LSTM_3,2223.8133666666668
2023-12-02,TG,A,S,LSTM_3,1569.9629333333335
2023-12-03,TG,A,S,LSTM_3,0.0
2023-12-04,TG,A,S,LSTM_3,1861.6722222222222
2023-12-05,TG,A,S,LSTM_3,1673.279911111111
2023-12-06,TG,A,S,LSTM_3,1605.1751333333332
2023-12-07,TG,A,S,LSTM_3,1562.8445000000002
2023-12-08,TG,A,S,LSTM_3,1947.1545111111109
2023-12-09,TG,A,S,LSTM_3,1712.2059222222224
2023-12-10,TG,A,S,LSTM_3,0.0
2023-12-11,TG,A,S,LSTM_3,1463.4594444444444
2023-12-12,TG,A,S,LSTM_3,1689.3213111111113
2023-12-13,TG,A,S,LSTM_3,1584.4946333333335
2023-12-14,TG,A,S,LSTM_3,1552.3129111111111
2023-12-15,TG,A,S,LSTM_3,2695.3801888888893
2023-12-16,TG,A,S,LSTM_3,1587.4099444444446
2023-12-17,TG,A,S,LSTM_3,0.0
2023-12-18,TG,A,S,LSTM_3,1472.8236111111112
2023-12-19,TG,A,S,LSTM_3,1681.248477777778
2023-12-20,TG,A,S,LSTM_3,1643.4948555555557
2023-12-21,TG,A,S,LSTM_3,1768.6316444444444
2023-12-22,TG,A,S,LSTM_3,2090.7131777777777
2023-12-23,TG,A,S,LSTM_3,1715.6977111111112
2023-12-24,TG,A,S,LSTM_3,0.0
2023-12-25,TG,A,S,LSTM_3,1596.2946333333332
2023-12-26,TG,A,S,LSTM_3,1531.2224777777776
2023-12-27,TG,A,S,LSTM_3,1625.7112111111112
2023-12-28,TG,A,S,LSTM_3,1717.0694666666668
2023-12-29,TG,A,S,LSTM_3,2954.5182333333337
2023-12-30,TG,A,S,LSTM_3,1764.9675666666667
2023-12-31,TG,A,S,LSTM_3,0.0
2023-11-01,TG,B,J,LSTM_3,1276.5739777777778
2023-11-02,TG,B,J,LSTM_3,1346.5834111111112
2023-11-03,TG,B,J,LSTM_3,1289.4981555555555
2023-11-04,TG,B,J,LSTM_3,1248.1776555555557
2023-11-05,TG,B,J,LSTM_3,0.0
2023-11-06,TG,B,J,LSTM_3,1273.4117444444446
2023-11-07,TG,B,J,LSTM_3,1282.5347155555557
2023-11-08,TG,B,J,LSTM_3,1398.6692666666668
2023-11-09,TG,B,J,LSTM_3,1261.4138666666668
2023-11-10,TG,B,J,LSTM_3,1110.3799855555555
2023-11-11,TG,B,J,LSTM_3,1454.656588888889
2023-11-12,TG,B,J,LSTM_3,0.0
2023-11-13,TG,B,J,LSTM_3,1253.4974166666666
2023-11-14,TG,B,J,LSTM_3,1278.011811111111
2023-11-15,TG,B,J,LSTM_3,1277.55943
2023-11-16,TG,B,J,LSTM_3,1388.6524444444444
2023-11-17,TG,B,J,LSTM_3,1187.7486644444443
2023-11-18,TG,B,J,LSTM_3,1309.9859666666666
2023-11-19,TG,B,J,LSTM_3,0.0
2023-11-20,TG,B,J,LSTM_3,1253.5699333333332
2023-11-21,TG,B,J,LSTM_3,1267.2894555555554
2023-11-22,TG,B,J,LSTM_3,1364.1559444444445
2023-11-23,TG,B,J,LSTM_3,1421.6302777777778
2023-11-24,TG,B,J,LSTM_3,1073.640673333333
2023-11-25,TG,B,J,LSTM_3,1483.6416666666667
2023-11-26,TG,B,J,LSTM_3,0.0
2023-11-27,TG,B,J,LSTM_3,1234.1692400000002
2023-11-28,TG,B,J,LSTM_3,1248.6935266666667
2023-11-29,TG,B,J,LSTM_3,1509.2625555555555
2023-11-30,TG,B,J,LSTM_3,1409.7800555555557
2023-12-01,TG,B,J,LSTM_3,792.5210555555554
2023-12-02,TG,B,J,LSTM_3,1349.1037
2023-12-03,TG,B,J,LSTM_3,0.0
2023-12-04,TG,B,J,LSTM_3,1264.8392155555557
2023-12-05,TG,B,J,LSTM_3,1277.223692222222
2023-12-06,TG,B,J,LSTM_3,1288.004682222222
2023-12-07,TG,B,J,LSTM_3,1320.6875000000002
2023-12-08,TG,B,J,LSTM_3,1253.6579533333334
2023-12-09,TG,B,J,LSTM_3,1342.6968333333334
2023-12-10,TG,B,J,LSTM_3,0.0
2023-12-11,TG,B,J,LSTM_3,1246.1144944444447
2023-12-12,TG,B,J,LSTM_3,1258.60936
2023-12-13,TG,B,J,LSTM_3,1280.690358888889
2023-12-14,TG,B,J,LSTM_3,1330.2203666666667
2023-12-15,TG,B,J,LSTM_3,1302.6124166666666
2023-12-16,TG,B,J,LSTM_3,1320.7488
2023-12-17,TG,B,J,LSTM_3,0.0
2023-12-18,TG,B,J,LSTM_3,1248.4678711111112
2023-12-19,TG,B,J,LSTM_3,1243.9800266666666
2023-12-20,TG,B,J,LSTM_3,1317.0166711111112
2023-12-21,TG,B,J,LSTM_3,1347.4832333333334
2023-12-22,TG,B,J,LSTM_3,1259.2632722222222
2023-12-23,TG,B,J,LSTM_3,1323.5548811111112
2023-12-24,TG,B,J,LSTM_3,0.0
2023-12-25,TG,B,J,LSTM_3,1257.0449444444444
2023-12-26,TG,B,J,LSTM_3,1257.799122222222
2023-12-27,TG,B,J,LSTM_3,1416.7385111111112
2023-12-28,TG,B,J,LSTM_3,1377.5049555555556
2023-12-29,TG,B,J,LSTM_3,1242.3867888888888
2023-12-30,TG,B,J,LSTM_3,1325.7027333333335
2023-12-31,TG,B,J,LSTM_3,0.0
2023-11-01,TG,B,S,LSTM_3,1706.1156555555556
2023-11-02,TG,B,S,LSTM_3,1718.491088888889
2023-11-03,TG,B,S,LSTM_3,2105.2637
2023-11-04,TG,B,S,LSTM_3,1677.0024666666666
2023-11-05,TG,B,S,LSTM_3,0.0
2023-11-06,TG,B,S,LSTM_3,2391.0838333333336
2023-11-07,TG,B,S,LSTM_3,2045.6952333333336
2023-11-08,TG,B,S,LSTM_3,1749.8365999999999
2023-11-09,TG,B,S,LSTM_3,1730.2923777777778
2023-11-10,TG,B,S,LSTM_3,1523.0387222222223
2023-11-11,TG,B,S,LSTM_3,1713.7388222222223
2023-11-12,TG,B,S,LSTM_3,0.0
2023-11-13,TG,B,S,LSTM_3,2078.784711111111
2023-11-14,TG,B,S,LSTM_3,1781.3823777777777
2023-11-15,TG,B,S,LSTM_3,1694.1427222222221
2023-11-16,TG,B,S,LSTM_3,1722.8596
2023-11-17,TG,B,S,LSTM_3,2002.0156555555554
2023-11-18,TG,B,S,LSTM_3,1705.4944222222223
2023-11-19,TG,B,S,LSTM_3,0.0
2023-11-20,TG,B,S,LSTM_3,1609.1491444444446
2023-11-21,TG,B,S,LSTM_3,1604.3681333333334
2023-11-22,TG,B,S,LSTM_3,1708.7837777777777
2023-11-23,TG,B,S,LSTM_3,1698.5821999999998
2023-11-24,TG,B,S,LSTM_3,2774.194633333333
2023-11-25,TG,B,S,LSTM_3,1740.0208666666667
2023-11-26,TG,B,S,LSTM_3,0.0
2023-11-27,TG,B,S,LSTM_3,1626.8033111111113
2023-11-28,TG,B,S,LSTM_3,1493.380107777778
2023-11-29,TG,B,S,LSTM_3,1695.3512333333335
2023-11-30,TG,B,S,LSTM_3,1722.8652111111112
2023-12-01,TG,B,S,LSTM_3,1184.960311111111
2023-12-02,TG,B,S,LSTM_3,1698.7303777777777
2023-12-03,TG,B,S,LSTM_3,0.0
2023-12-04,TG,B,S,LSTM_3,1650.4620000000002
2023-12-05,TG,B,S,LSTM_3,1620.0989666666667
2023-12-06,TG,B,S,LSTM_3,1724.3136666666667
2023-12-07,TG,B,S,LSTM_3,1719.0943444444445
2023-12-08,TG,B,S,LSTM_3,1960.0311555555554
2023-12-09,TG,B,S,LSTM_3,1765.5630444444446
2023-12-10,TG,B,S,LSTM_3,0.0
2023-12-11,TG,B,S,LSTM_3,1530.2627066666666
2023-12-12,TG,B,S,LSTM_3,1613.2829444444444
2023-12-13,TG,B,S,LSTM_3,1706.207088888889
2023-12-14,TG,B,S,LSTM_3,1720.7057666666667
2023-12-15,TG,B,S,LSTM_3,1836.7380844444447
2023-12-16,TG,B,S,LSTM_3,1761.639211111111
2023-12-17,TG,B,S,LSTM_3,0.0
2023-12-18,TG,B,S,LSTM_3,1606.2177777777779
2023-12-19,TG,B,S,LSTM_3,1735.5191888888887
2023-12-20,TG,B,S,LSTM_3,1725.480222222222
2023-12-21,TG,B,S,LSTM_3,1713.8006777777778
2023-12-22,TG,B,S,LSTM_3,1731.534361111111
2023-12-23,TG,B,S,LSTM_3,1788.0399666666667
2023-12-24,TG,B,S,LSTM_3,0.0
2023-12-25,TG,B,S,LSTM_3,1640.7596444444446
2023-12-26,TG,B,S,LSTM_3,1668.1315666666667
2023-12-27,TG,B,S,LSTM_3,1786.9003444444445
2023-12-28,TG,B,S,LSTM_3,1766.3561444444445
2023-12-29,TG,B,S,LSTM_3,1828.829022222222
2023-12-30,TG,B,S,LSTM_3,1804.0840222222223
2023-12-31,TG,B,S,LSTM_3,0.0
2023-11-01,TG,C,J,LSTM_3,1924.8969555555555
2023-11-02,TG,C,J,LSTM_3,1959.5487555555555
2023-11-03,TG,C,J,LSTM_3,1596.5682888888887
2023-11-04,TG,C,J,LSTM_3,1884.093588888889
2023-11-05,TG,C,J,LSTM_3,0.0
2023-11-06,TG,C,J,LSTM_3,1601.3443333333335
2023-11-07,TG,C,J,LSTM_3,1594.4614777777779
2023-11-08,TG,C,J,LSTM_3,2017.3868222222222
2023-11-09,TG,C,J,LSTM_3,1963.5311777777777
2023-11-10,TG,C,J,LSTM_3,1563.3494444444445
2023-11-11,TG,C,J,LSTM_3,1906.4276777777777
2023-11-12,TG,C,J,LSTM_3,0.0
2023-11-13,TG,C,J,LSTM_3,1836.5177999999999
2023-11-14,TG,C,J,LSTM_3,1802.409688888889
2023-11-15,TG,C,J,LSTM_3,1822.6983555555553
2023-11-16,TG,C,J,LSTM_3,1829.4531444444447
2023-11-17,TG,C,J,LSTM_3,1714.2224999999999
2023-11-18,TG,C,J,LSTM_3,1730.1771888888888
2023-11-19,TG,C,J,LSTM_3,0.0
2023-11-20,TG,C,J,LSTM_3,1842.0182444444447
2023-11-21,TG,C,J,LSTM_3,1816.451277777778
2023-11-22,TG,C,J,LSTM_3,1732.1029555555556
2023-11-23,TG,C,J,LSTM_3,1732.714411111111
2023-11-24,TG,C,J,LSTM_3,1656.3180666666667
2023-11-25,TG,C,J,LSTM_3,1757.307877777778
2023-11-26,TG,C,J,LSTM_3,0.0
2023-11-27,TG,C,J,LSTM_3,1852.5410111111112
2023-11-28,TG,C,J,LSTM_3,1845.9040666666665
2023-11-29,TG,C,J,LSTM_3,1783.105711111111
2023-11-30,TG,C,J,LSTM_3,1816.9342222222222
2023-12-01,TG,C,J,LSTM_3,1711.3935555555556
2023-12-02,TG,C,J,LSTM_3,1762.9036888888888
2023-12-03,TG,C,J,LSTM_3,0.0
2023-12-04,TG,C,J,LSTM_3,1829.9558888888887
2023-12-05,TG,C,J,LSTM_3,1828.6363333333331
2023-12-06,TG,C,J,LSTM_3,1842.4635111111113
2023-12-07,TG,C,J,LSTM_3,1730.8509999999999
2023-12-08,TG,C,J,LSTM_3,1670.0967999999998
2023-12-09,TG,C,J,LSTM_3,1771.9698666666668
2023-12-10,TG,C,J,LSTM_3,0.0
2023-12-11,TG,C,J,LSTM_3,1938.5586777777778
2023-12-12,TG,C,J,LSTM_3,1852.0795222222223
2023-12-13,TG,C,J,LSTM_3,1766.0247555555554
2023-12-14,TG,C,J,LSTM_3,1747.3653333333334
2023-12-15,TG,C,J,LSTM_3,1693.5252555555555
2023-12-16,TG,C,J,LSTM_3,1780.3436777777779
2023-12-17,TG,C,J,LSTM_3,0.0
2023-12-18,TG,C,J,LSTM_3,1866.590222222222
2023-12-19,TG,C,J,LSTM_3,1494.792866666667
2023-12-20,TG,C,J,LSTM_3,1731.3827555555556
2023-12-21,TG,C,J,LSTM_3,1992.1650222222222
2023-12-22,TG,C,J,LSTM_3,1066.2412255555555
2023-12-23,TG,C,J,LSTM_3,1944.541388888889
2023-12-24,TG,C,J,LSTM_3,0.0
2023-12-25,TG,C,J,LSTM_3,1780.8331555555555
2023-12-26,TG,C,J,LSTM_3,1786.6966222222222
2023-12-27,TG,C,J,LSTM_3,1880.0965111111113
2023-12-28,TG,C,J,LSTM_3,1911.5026888888888
2023-12-29,TG,C,J,LSTM_3,1735.0917555555554
2023-12-30,TG,C,J,LSTM_3,1855.120388888889
2023-12-31,TG,C,J,LSTM_3,0.0
2023-11-01,TG,C,S,LSTM_3,1585.7822866666666
2023-11-02,TG,C,S,LSTM_3,1571.1304200000002
2023-11-03,TG,C,S,LSTM_3,2726.326086666667
2023-11-04,TG,C,S,LSTM_3,1599.0044644444445
2023-11-05,TG,C,S,LSTM_3,0.0
2023-11-06,TG,C,S,LSTM_3,1485.7647977777776
2023-11-07,TG,C,S,LSTM_3,1511.666608888889
2023-11-08,TG,C,S,LSTM_3,1624.1765422222222
2023-11-09,TG,C,S,LSTM_3,1635.8654977777778
2023-11-10,TG,C,S,LSTM_3,2783.5842088888885
2023-11-11,TG,C,S,LSTM_3,1670.0635755555554
2023-11-12,TG,C,S,LSTM_3,0.0
2023-11-13,TG,C,S,LSTM_3,2103.4146755555557
2023-11-14,TG,C,S,LSTM_3,1855.0319644444442
2023-11-15,TG,C,S,LSTM_3,1648.5952311111114
2023-11-16,TG,C,S,LSTM_3,1696.7122866666666
2023-11-17,TG,C,S,LSTM_3,2740.3087755555557
2023-11-18,TG,C,S,LSTM_3,1756.7363422222222
2023-11-19,TG,C,S,LSTM_3,0.0
2023-11-20,TG,C,S,LSTM_3,2089.914908888889
2023-11-21,TG,C,S,LSTM_3,2045.828542222222
2023-11-22,TG,C,S,LSTM_3,1931.3650422222224
2023-11-23,TG,C,S,LSTM_3,1779.5266644444446
2023-11-24,TG,C,S,LSTM_3,2976.4584200000004
2023-11-25,TG,C,S,LSTM_3,1701.4072422222225
2023-11-26,TG,C,S,LSTM_3,0.0
2023-11-27,TG,C,S,LSTM_3,1532.3745866666666
2023-11-28,TG,C,S,LSTM_3,1558.735108888889
2023-11-29,TG,C,S,LSTM_3,1672.42722
2023-11-30,TG,C,S,LSTM_3,1670.7647866666666
2023-12-01,TG,C,S,LSTM_3,2528.7846644444444
2023-12-02,TG,C,S,LSTM_3,1714.1308199999999
2023-12-03,TG,C,S,LSTM_3,0.0
2023-12-04,TG,C,S,LSTM_3,1593.0538311111113
2023-12-05,TG,C,S,LSTM_3,1619.1412644444442
2023-12-06,TG,C,S,LSTM_3,1621.4704533333334
2023-12-07,TG,C,S,LSTM_3,1695.0314533333335
2023-12-08,TG,C,S,LSTM_3,2325.2373755555554
2023-12-09,TG,C,S,LSTM_3,1677.5348422222223
2023-12-10,TG,C,S,LSTM_3,0.0
2023-12-11,TG,C,S,LSTM_3,1578.3635533333334
2023-12-12,TG,C,S,LSTM_3,1507.8595644444445
2023-12-13,TG,C,S,LSTM_3,1899.4059866666664
2023-12-14,TG,C,S,LSTM_3,1820.583408888889
2023-12-15,TG,C,S,LSTM_3,2727.251742222222
2023-12-16,TG,C,S,LSTM_3,1821.6556755555555
2023-12-17,TG,C,S,LSTM_3,0.0
2023-12-18,TG,C,S,LSTM_3,1681.4670199999998
2023-12-19,TG,C,S,LSTM_3,1555.9771533333333
2023-12-20,TG,C,S,LSTM_3,1812.93582
2023-12-21,TG,C,S,LSTM_3,1664.7559422222223
2023-12-22,TG,C,S,LSTM_3,3440.528386666667
2023-12-23,TG,C,S,LSTM_3,1696.6730644444444
2023-12-24,TG,C,S,LSTM_3,0.0
2023-12-25,TG,C,S,LSTM_3,1513.948808888889
2023-12-26,TG,C,S,LSTM_3,1585.4036866666665
2023-12-27,TG,C,S,LSTM_3,1716.3420644444443
2023-12-28,TG,C,S,LSTM_3,1674.5785644444445
2023-12-29,TG,C,S,LSTM_3,2129.489175555556
2023-12-30,TG,C,S,LSTM_3,1716.6624755555556
2023-12-31,TG,C,S,LSTM_3,0.0
2023-11-01,TG,D,J,LSTM_3,1003.4479888888889
2023-11-02,TG,D,J,LSTM_3,991.2447955555557
2023-11-03,TG,D,J,LSTM_3,507.2356244444444
2023-11-04,TG,D,J,LSTM_3,1073.1734744444445
2023-11-05,TG,D,J,LSTM_3,0.0
2023-11-06,TG,D,J,LSTM_3,946.1895622222223
2023-11-07,TG,D,J,LSTM_3,879.0129655555554
2023-11-08,TG,D,J,LSTM_3,1047.7681677777778
2023-11-09,TG,D,J,LSTM_3,1210.7046555555555
2023-11-10,TG,D,J,LSTM_3,518.7321177777778
2023-11-11,TG,D,J,LSTM_3,1087.25569
2023-11-12,TG,D,J,LSTM_3,0.0
2023-11-13,TG,D,J,LSTM_3,999.1259788888888
2023-11-14,TG,D,J,LSTM_3,888.2221599999999
2023-11-15,TG,D,J,LSTM_3,1104.0134388888891
2023-11-16,TG,D,J,LSTM_3,1076.0303966666665
2023-11-17,TG,D,J,LSTM_3,577.0186866666668
2023-11-18,TG,D,J,LSTM_3,1066.1061388888888
2023-11-19,TG,D,J,LSTM_3,0.0
2023-11-20,TG,D,J,LSTM_3,999.2573555555555
2023-11-21,TG,D,J,LSTM_3,931.32946
2023-11-22,TG,D,J,LSTM_3,983.7936888888889
2023-11-23,TG,D,J,LSTM_3,1118.5615666666667
2023-11-24,TG,D,J,LSTM_3,712.749281111111
2023-11-25,TG,D,J,LSTM_3,1064.5793
2023-11-26,TG,D,J,LSTM_3,0.0
2023-11-27,TG,D,J,LSTM_3,1053.863438888889
2023-11-28,TG,D,J,LSTM_3,977.0970577777779
2023-11-29,TG,D,J,LSTM_3,1160.0117777777778
2023-11-30,TG,D,J,LSTM_3,1135.1863844444445
2023-12-01,TG,D,J,LSTM_3,634.3905977777778
2023-12-02,TG,D,J,LSTM_3,1072.761718888889
2023-12-03,TG,D,J,LSTM_3,0.0
2023-12-04,TG,D,J,LSTM_3,954.9261811111111
2023-12-05,TG,D,J,LSTM_3,963.5761533333334
2023-12-06,TG,D,J,LSTM_3,1093.3032
2023-12-07,TG,D,J,LSTM_3,1190.2109333333333
2023-12-08,TG,D,J,LSTM_3,685.344248888889
2023-12-09,TG,D,J,LSTM_3,1101.1191333333334
2023-12-10,TG,D,J,LSTM_3,0.0
2023-12-11,TG,D,J,LSTM_3,999.2961933333333
2023-12-12,TG,D,J,LSTM_3,971.7174744444443
2023-12-13,TG,D,J,LSTM_3,1030.3284277777777
2023-12-14,TG,D,J,LSTM_3,1037.8839666666668
2023-12-15,TG,D,J,LSTM_3,644.0801611111112
2023-12-16,TG,D,J,LSTM_3,1041.4325655555556
2023-12-17,TG,D,J,LSTM_3,0.0
2023-12-18,TG,D,J,LSTM_3,1166.347688888889
2023-12-19,TG,D,J,LSTM_3,1166.4478477777777
2023-12-20,TG,D,J,LSTM_3,1078.4789522222222
2023-12-21,TG,D,J,LSTM_3,1284.1570444444444
2023-12-22,TG,D,J,LSTM_3,927.6789488888888
2023-12-23,TG,D,J,LSTM_3,1196.2454222222223
2023-12-24,TG,D,J,LSTM_3,0.0
2023-12-25,TG,D,J,LSTM_3,1013.7477166666667
2023-12-26,TG,D,J,LSTM_3,1000.9043544444444
2023-12-27,TG,D,J,LSTM_3,1224.4306111111111
2023-12-28,TG,D,J,LSTM_3,1185.3445777777777
2023-12-29,TG,D,J,LSTM_3,575.0974344444444
2023-12-30,TG,D,J,LSTM_3,1300.3582444444446
2023-12-31,TG,D,J,LSTM_3,0.0
2023-11-01,TG,D,S,LSTM_3,1534.0143777777776
2023-11-02,TG,D,S,LSTM_3,1641.1899333333333
2023-11-03,TG,D,S,LSTM_3,1032.8668611111111
2023-11-04,TG,D,S,LSTM_3,1499.3879666666667
2023-11-05,TG,D,S,LSTM_3,0.0
2023-11-06,TG,D,S,LSTM_3,1280.798388888889
2023-11-07,TG,D,S,LSTM_3,1475.5224444444443
2023-11-08,TG,D,S,LSTM_3,1798.5316222222223
2023-11-09,TG,D,S,LSTM_3,1665.0928888888889
2023-11-10,TG,D,S,LSTM_3,824.7410022222224
2023-11-11,TG,D,S,LSTM_3,1635.5832333333335
2023-11-12,TG,D,S,LSTM_3,0.0
2023-11-13,TG,D,S,LSTM_3,1466.8892
2023-11-14,TG,D,S,LSTM_3,1532.645388888889
2023-11-15,TG,D,S,LSTM_3,1632.683277777778
2023-11-16,TG,D,S,LSTM_3,1549.5911555555556
2023-11-17,TG,D,S,LSTM_3,1174.8884333333335
2023-11-18,TG,D,S,LSTM_3,1578.6013
2023-11-19,TG,D,S,LSTM_3,0.0
2023-11-20,TG,D,S,LSTM_3,1329.3846333333333
2023-11-21,TG,D,S,LSTM_3,1449.9803888888887
2023-11-22,TG,D,S,LSTM_3,1589.860211111111
2023-11-23,TG,D,S,LSTM_3,2066.6765444444445
2023-11-24,TG,D,S,LSTM_3,356.1287844444445
2023-11-25,TG,D,S,LSTM_3,2220.3826555555556
2023-11-26,TG,D,S,LSTM_3,0.0
2023-11-27,TG,D,S,LSTM_3,1383.3719333333331
2023-11-28,TG,D,S,LSTM_3,1442.6165444444443
2023-11-29,TG,D,S,LSTM_3,1534.618888888889
2023-11-30,TG,D,S,LSTM_3,1652.424111111111
2023-12-01,TG,D,S,LSTM_3,1282.2668844444443
2023-12-02,TG,D,S,LSTM_3,1582.3296444444445
2023-12-03,TG,D,S,LSTM_3,0.0
2023-12-04,TG,D,S,LSTM_3,1421.423388888889
2023-12-05,TG,D,S,LSTM_3,1464.8375777777778
2023-12-06,TG,D,S,LSTM_3,1758.8623666666665
2023-12-07,TG,D,S,LSTM_3,1893.0495
2023-12-08,TG,D,S,LSTM_3,1295.599988888889
2023-12-09,TG,D,S,LSTM_3,1822.0107333333335
2023-12-10,TG,D,S,LSTM_3,0.0
2023-12-11,TG,D,S,LSTM_3,1471.3303999999998
2023-12-12,TG,D,S,LSTM_3,1512.8692444444448
2023-12-13,TG,D,S,LSTM_3,1657.9080555555556
2023-12-14,TG,D,S,LSTM_3,1554.8979777777777
2023-12-15,TG,D,S,LSTM_3,1201.4871222222223
2023-12-16,TG,D,S,LSTM_3,1752.525511111111
2023-12-17,TG,D,S,LSTM_3,0.0
2023-12-18,TG,D,S,LSTM_3,1962.8537222222221
2023-12-19,TG,D,S,LSTM_3,1371.9940333333332
2023-12-20,TG,D,S,LSTM_3,1874.154977777778
2023-12-21,TG,D,S,LSTM_3,2269.517877777778
2023-12-22,TG,D,S,LSTM_3,1428.1773222222223
2023-12-23,TG,D,S,LSTM_3,1825.0371555555555
2023-12-24,TG,D,S,LSTM_3,0.0
2023-12-25,TG,D,S,LSTM_3,1371.6435777777779
2023-12-26,TG,D,S,LSTM_3,1648.8180666666667
2023-12-27,TG,D,S,LSTM_3,1800.7895777777778
2023-12-28,TG,D,S,LSTM_3,2022.3252444444443
2023-12-29,TG,D,S,LSTM_3,1404.0557666666668
2023-12-30,TG,D,S,LSTM_3,1925.2665444444444
2023-12-31,TG,D,S,LSTM_3,0.0
2023-11-01,TG,E,J,LSTM_3,938.7970588888888
2023-11-02,TG,E,J,LSTM_3,821.45106
2023-11-03,TG,E,J,LSTM_3,633.5936555555555
2023-11-04,TG,E,J,LSTM_3,872.8771122222222
2023-11-05,TG,E,J,LSTM_3,0.0
2023-11-06,TG,E,J,LSTM_3,560.1425544444444
2023-11-07,TG,E,J,LSTM_3,709.4565500000001
2023-11-08,TG,E,J,LSTM_3,983.5117111111111
2023-11-09,TG,E,J,LSTM_3,938.8573988888888
2023-11-10,TG,E,J,LSTM_3,626.4118611111112
2023-11-11,TG,E,J,LSTM_3,917.8961377777778
2023-11-12,TG,E,J,LSTM_3,0.0
2023-11-13,TG,E,J,LSTM_3,925.0308733333334
2023-11-14,TG,E,J,LSTM_3,824.8889822222221
2023-11-15,TG,E,J,LSTM_3,1279.2801444444444
2023-11-16,TG,E,J,LSTM_3,1251.8234888888887
2023-11-17,TG,E,J,LSTM_3,703.8269177777778
2023-11-18,TG,E,J,LSTM_3,1026.326281111111
2023-11-19,TG,E,J,LSTM_3,0.0
2023-11-20,TG,E,J,LSTM_3,915.29346
2023-11-21,TG,E,J,LSTM_3,926.5626888888889
2023-11-22,TG,E,J,LSTM_3,1193.0691777777777
2023-11-23,TG,E,J,LSTM_3,1091.5549166666667
2023-11-24,TG,E,J,LSTM_3,698.1267244444444
2023-11-25,TG,E,J,LSTM_3,1073.3911444444445
2023-11-26,TG,E,J,LSTM_3,0.0
2023-11-27,TG,E,J,LSTM_3,944.9085177777779
2023-11-28,TG,E,J,LSTM_3,937.2326411111111
2023-11-29,TG,E,J,LSTM_3,1053.7243333333333
2023-11-30,TG,E,J,LSTM_3,1022.3561699999999
2023-12-01,TG,E,J,LSTM_3,717.2552133333334
2023-12-02,TG,E,J,LSTM_3,1036.0476777777778
2023-12-03,TG,E,J,LSTM_3,0.0
2023-12-04,TG,E,J,LSTM_3,940.7114755555556
2023-12-05,TG,E,J,LSTM_3,969.2262777777778
2023-12-06,TG,E,J,LSTM_3,1070.1123488888888
2023-12-07,TG,E,J,LSTM_3,1056.3957555555555
2023-12-08,TG,E,J,LSTM_3,810.0949400000001
2023-12-09,TG,E,J,LSTM_3,1125.7591333333332
2023-12-10,TG,E,J,LSTM_3,0.0
2023-12-11,TG,E,J,LSTM_3,989.4370222222224
2023-12-12,TG,E,J,LSTM_3,914.3803177777778
2023-12-13,TG,E,J,LSTM_3,1128.8073699999998
2023-12-14,TG,E,J,LSTM_3,1038.0242344444441
2023-12-15,TG,E,J,LSTM_3,793.3553266666667
2023-12-16,TG,E,J,LSTM_3,1181.4522377777778
2023-12-17,TG,E,J,LSTM_3,0.0
2023-12-18,TG,E,J,LSTM_3,1035.876811111111
2023-12-19,TG,E,J,LSTM_3,595.9946599999998
2023-12-20,TG,E,J,LSTM_3,985.4946522222222
2023-12-21,TG,E,J,LSTM_3,1158.6313555555557
2023-12-22,TG,E,J,LSTM_3,888.6712733333334
2023-12-23,TG,E,J,LSTM_3,1067.2442444444446
2023-12-24,TG,E,J,LSTM_3,0.0
2023-12-25,TG,E,J,LSTM_3,802.0853922222223
2023-12-26,TG,E,J,LSTM_3,909.2102388888889
2023-12-27,TG,E,J,LSTM_3,1009.1182922222221
2023-12-28,TG,E,J,LSTM_3,1029.956121111111
2023-12-29,TG,E,J,LSTM_3,915.5496
2023-12-30,TG,E,J,LSTM_3,1062.7995
2023-12-31,TG,E,J,LSTM_3,0.0
2023-11-01,TG,E,S,LSTM_3,1475.9710111111112
2023-11-02,TG,E,S,LSTM_3,1372.5052999999998
2023-11-03,TG,E,S,LSTM_3,1712.7665555555557
2023-11-04,TG,E,S,LSTM_3,1440.3536555555556
2023-11-05,TG,E,S,LSTM_3,0.0
2023-11-06,TG,E,S,LSTM_3,1234.6541777777777
2023-11-07,TG,E,S,LSTM_3,1410.9319444444443
2023-11-08,TG,E,S,LSTM_3,1437.1951333333334
2023-11-09,TG,E,S,LSTM_3,1588.717711111111
2023-11-10,TG,E,S,LSTM_3,1808.1254888888889
2023-11-11,TG,E,S,LSTM_3,1446.2219777777777
2023-11-12,TG,E,S,LSTM_3,0.0
2023-11-13,TG,E,S,LSTM_3,1577.7601222222224
2023-11-14,TG,E,S,LSTM_3,1365.3137777777777
2023-11-15,TG,E,S,LSTM_3,1422.3520666666666
2023-11-16,TG,E,S,LSTM_3,1474.6370000000002
2023-11-17,TG,E,S,LSTM_3,1791.1276777777775
2023-11-18,TG,E,S,LSTM_3,1359.2364333333333
2023-11-19,TG,E,S,LSTM_3,0.0
2023-11-20,TG,E,S,LSTM_3,1772.9804555555556
2023-11-21,TG,E,S,LSTM_3,1839.8551777777777
2023-11-22,TG,E,S,LSTM_3,1730.8877555555555
2023-11-23,TG,E,S,LSTM_3,1418.2160444444444
2023-11-24,TG,E,S,LSTM_3,1728.1204333333333
2023-11-25,TG,E,S,LSTM_3,1645.1889444444448
2023-11-26,TG,E,S,LSTM_3,0.0
2023-11-27,TG,E,S,LSTM_3,1418.3088555555555
2023-11-28,TG,E,S,LSTM_3,1460.7410555555555
2023-11-29,TG,E,S,LSTM_3,1446.6858555555557
2023-11-30,TG,E,S,LSTM_3,1721.2291555555557
2023-12-01,TG,E,S,LSTM_3,1893.6998444444444
2023-12-02,TG,E,S,LSTM_3,1584.1739555555555
2023-12-03,TG,E,S,LSTM_3,0.0
2023-12-04,TG,E,S,LSTM_3,1614.0808777777777
2023-12-05,TG,E,S,LSTM_3,1269.8011888888889
2023-12-06,TG,E,S,LSTM_3,1480.4848666666667
2023-12-07,TG,E,S,LSTM_3,1446.9946333333335
2023-12-08,TG,E,S,LSTM_3,1987.6014222222225
2023-12-09,TG,E,S,LSTM_3,1868.7427444444443
2023-12-10,TG,E,S,LSTM_3,0.0
2023-12-11,TG,E,S,LSTM_3,1720.2833666666668
2023-12-12,TG,E,S,LSTM_3,1495.8018666666667
2023-12-13,TG,E,S,LSTM_3,1625.7461
2023-12-14,TG,E,S,LSTM_3,1504.8192333333334
2023-12-15,TG,E,S,LSTM_3,1788.8980999999999
2023-12-16,TG,E,S,LSTM_3,1660.1526
2023-12-17,TG,E,S,LSTM_3,0.0
2023-12-18,TG,E,S,LSTM_3,1970.5003222222222
2023-12-19,TG,E,S,LSTM_3,1598.6651222222222
2023-12-20,TG,E,S,LSTM_3,1788.1299666666666
2023-12-21,TG,E,S,LSTM_3,1573.5089333333335
2023-12-22,TG,E,S,LSTM_3,1920.4836555555553
2023-12-23,TG,E,S,LSTM_3,1680.4996
2023-12-24,TG,E,S,LSTM_3,0.0
2023-12-25,TG,E,S,LSTM_3,0.0
2023-12-26,TG,E,S,LSTM_3,1622.3104555555556
2023-12-27,TG,E,S,LSTM_3,1606.4683666666667
2023-12-28,TG,E,S,LSTM_3,1696.7748888888889
2023-12-29,TG,E,S,LSTM_3,1943.2715111111113
2023-12-30,TG,E,S,LSTM_3,1685.9595222222222
2023-12-31,TG,E,S,LSTM_3,0.0
