item,corporation,location,year,month,day,weekday,price,timestamp
BC,B,J,2022,11,2,2,2202.71,2023-11-01
CB,D,J,2022,11,2,2,0.0,2023-11-01
CB,A,J,2022,11,2,2,0.0,2023-11-01
CR,E,J,2022,11,2,2,0.0,2023-11-01
TG,A,S,2022,11,2,2,1767.97,2023-11-01
TG,C,S,2022,11,2,2,1565.24,2023-11-01
TG,D,S,2022,11,2,2,1528.92,2023-11-01
RD,F,J,2022,11,2,2,22.03,2023-11-01
TG,E,J,2022,11,2,2,1400.56,2023-11-01
CR,C,J,2022,11,2,2,0.0,2023-11-01
BC,E,S,2022,11,2,2,1047.53,2023-11-01
CR,A,J,2022,11,2,2,3571.7,2023-11-01
CR,D,J,2022,11,2,2,0.0,2023-11-01
RD,E,S,2022,11,2,2,0.0,2023-11-01
RD,D,S,2022,11,2,2,0.0,2023-11-01
CB,F,J,2022,11,2,2,24.96,2023-11-01
TG,B,S,2022,11,2,2,1500.75,2023-11-01
RD,A,S,2022,11,2,2,0.0,2023-11-01
CR,B,J,2022,11,2,2,0.0,2023-11-01
TG,A,J,2022,11,2,2,1122.3,2023-11-01
TG,C,J,2022,11,2,2,1785.51,2023-11-01
BC,C,S,2022,11,2,2,0.0,2023-11-01
TG,D,J,2022,11,2,2,1323.79,2023-11-01
RD,C,S,2022,11,2,2,0.0,2023-11-01
BC,A,S,2022,11,2,2,2595.96,2023-11-01
BC,B,S,2022,11,2,2,0.0,2023-11-01
CB,A,S,2022,11,2,2,0.0,2023-11-01
CR,E,S,2022,11,2,2,0.0,2023-11-01
BC,E,J,2022,11,2,2,1952.74,2023-11-01
RD,E,J,2022,11,2,2,0.0,2023-11-01
RD,D,J,2022,11,2,2,0.0,2023-11-01
TG,B,J,2022,11,2,2,1258.49,2023-11-01
CB,E,J,2022,11,2,2,0.0,2023-11-01
BC,D,J,2022,11,2,2,1610.18,2023-11-01
RD,A,J,2022,11,2,2,3148.75,2023-11-01
CR,D,S,2022,11,2,2,0.0,2023-11-01
BC,C,J,2022,11,2,2,679.52,2023-11-01
BC,A,J,2022,11,2,2,2687.39,2023-11-01
TG,E,S,2022,11,2,2,1033.49,2023-11-01
BC,B,J,2022,11,3,3,1129.12,2023-11-02
CB,D,J,2022,11,3,3,0.0,2023-11-02
CB,A,J,2022,11,3,3,64.47,2023-11-02
CR,E,J,2022,11,3,3,0.0,2023-11-02
TG,A,S,2022,11,3,3,1633.32,2023-11-02
TG,C,S,2022,11,3,3,1466.84,2023-11-02
TG,D,S,2022,11,3,3,1346.82,2023-11-02
RD,F,J,2022,11,3,3,4.5,2023-11-02
TG,E,J,2022,11,3,3,1509.74,2023-11-02
CR,C,J,2022,11,3,3,0.0,2023-11-02
BC,E,S,2022,11,3,3,2832.67,2023-11-02
CR,A,J,2022,11,3,3,3633.45,2023-11-02
CR,D,J,2022,11,3,3,0.0,2023-11-02
RD,E,S,2022,11,3,3,0.0,2023-11-02
RD,D,S,2022,11,3,3,0.0,2023-11-02
CB,F,J,2022,11,3,3,0.0,2023-11-02
TG,B,S,2022,11,3,3,1317.69,2023-11-02
RD,A,S,2022,11,3,3,0.0,2023-11-02
CR,B,J,2022,11,3,3,0.0,2023-11-02
TG,A,J,2022,11,3,3,1100.42,2023-11-02
TG,C,J,2022,11,3,3,1793.96,2023-11-02
BC,C,S,2022,11,3,3,0.0,2023-11-02
TG,D,J,2022,11,3,3,1182.99,2023-11-02
RD,C,S,2022,11,3,3,0.0,2023-11-02
BC,A,S,2022,11,3,3,2540.08,2023-11-02
BC,B,S,2022,11,3,3,0.0,2023-11-02
CB,A,S,2022,11,3,3,0.0,2023-11-02
CR,E,S,2022,11,3,3,0.0,2023-11-02
BC,E,J,2022,11,3,3,2817.59,2023-11-02
RD,E,J,2022,11,3,3,0.0,2023-11-02
RD,D,J,2022,11,3,3,0.0,2023-11-02
TG,B,J,2022,11,3,3,1444.82,2023-11-02
CB,E,J,2022,11,3,3,0.0,2023-11-02
BC,D,J,2022,11,3,3,2798.99,2023-11-02
RD,A,J,2022,11,3,3,2646.23,2023-11-02
CR,D,S,2022,11,3,3,0.0,2023-11-02
BC,C,J,2022,11,3,3,395.12,2023-11-02
BC,A,J,2022,11,3,3,2635.03,2023-11-02
TG,E,S,2022,11,3,3,1041.21,2023-11-02
BC,B,J,2022,11,4,4,1248.2,2023-11-03
CB,D,J,2022,11,4,4,0.0,2023-11-03
CB,A,J,2022,11,4,4,647.79,2023-11-03
CR,E,J,2022,11,4,4,0.0,2023-11-03
TG,A,S,2022,11,4,4,1696.15,2023-11-03
TG,C,S,2022,11,4,4,1424.06,2023-11-03
TG,D,S,2022,11,4,4,1302.55,2023-11-03
RD,F,J,2022,11,4,4,10.38,2023-11-03
TG,E,J,2022,11,4,4,1565.25,2023-11-03
CR,C,J,2022,11,4,4,0.0,2023-11-03
BC,E,S,2022,11,4,4,1085.45,2023-11-03
CR,A,J,2022,11,4,4,3635.5,2023-11-03
CR,D,J,2022,11,4,4,0.0,2023-11-03
RD,E,S,2022,11,4,4,0.0,2023-11-03
RD,D,S,2022,11,4,4,0.0,2023-11-03
CB,F,J,2022,11,4,4,28.0,2023-11-03
TG,B,S,2022,11,4,4,1350.44,2023-11-03
RD,A,S,2022,11,4,4,0.0,2023-11-03
CR,B,J,2022,11,4,4,0.0,2023-11-03
TG,A,J,2022,11,4,4,1071.74,2023-11-03
TG,C,J,2022,11,4,4,2073.67,2023-11-03
BC,C,S,2022,11,4,4,0.0,2023-11-03
TG,D,J,2022,11,4,4,1632.98,2023-11-03
RD,C,S,2022,11,4,4,0.0,2023-11-03
BC,A,S,2022,11,4,4,3157.77,2023-11-03
BC,B,S,2022,11,4,4,0.0,2023-11-03
CB,A,S,2022,11,4,4,0.0,2023-11-03
CR,E,S,2022,11,4,4,0.0,2023-11-03
BC,E,J,2022,11,4,4,2892.36,2023-11-03
RD,E,J,2022,11,4,4,0.0,2023-11-03
RD,D,J,2022,11,4,4,0.0,2023-11-03
TG,B,J,2022,11,4,4,1557.8,2023-11-03
CB,E,J,2022,11,4,4,0.0,2023-11-03
BC,D,J,2022,11,4,4,2806.76,2023-11-03
RD,A,J,2022,11,4,4,2710.08,2023-11-03
CR,D,S,2022,11,4,4,0.0,2023-11-03
BC,C,J,2022,11,4,4,1362.69,2023-11-03
BC,A,J,2022,11,4,4,3134.3,2023-11-03
TG,E,S,2022,11,4,4,1125.45,2023-11-03
BC,B,J,2022,11,5,5,482.88,2023-11-04
CB,D,J,2022,11,5,5,0.0,2023-11-04
CB,A,J,2022,11,5,5,308.91,2023-11-04
CR,E,J,2022,11,5,5,0.0,2023-11-04
TG,A,S,2022,11,5,5,1640.91,2023-11-04
TG,C,S,2022,11,5,5,1591.01,2023-11-04
TG,D,S,2022,11,5,5,1384.99,2023-11-04
RD,F,J,2022,11,5,5,15.54,2023-11-04
TG,E,J,2022,11,5,5,1427.89,2023-11-04
CR,C,J,2022,11,5,5,0.0,2023-11-04
BC,E,S,2022,11,5,5,2866.15,2023-11-04
CR,A,J,2022,11,5,5,8.05,2023-11-04
CR,D,J,2022,11,5,5,0.0,2023-11-04
RD,E,S,2022,11,5,5,0.0,2023-11-04
RD,D,S,2022,11,5,5,0.0,2023-11-04
CB,F,J,2022,11,5,5,4.0,2023-11-04
TG,B,S,2022,11,5,5,1400.09,2023-11-04
RD,A,S,2022,11,5,5,0.0,2023-11-04
CR,B,J,2022,11,5,5,0.0,2023-11-04
TG,A,J,2022,11,5,5,1015.35,2023-11-04
TG,C,J,2022,11,5,5,2083.82,2023-11-04
BC,C,S,2022,11,5,5,0.0,2023-11-04
TG,D,J,2022,11,5,5,1197.62,2023-11-04
RD,C,S,2022,11,5,5,0.0,2023-11-04
BC,A,S,2022,11,5,5,3749.59,2023-11-04
BC,B,S,2022,11,5,5,0.0,2023-11-04
CB,A,S,2022,11,5,5,0.0,2023-11-04
CR,E,S,2022,11,5,5,0.0,2023-11-04
BC,E,J,2022,11,5,5,2112.05,2023-11-04
RD,E,J,2022,11,5,5,0.0,2023-11-04
RD,D,J,2022,11,5,5,0.0,2023-11-04
TG,B,J,2022,11,5,5,1201.86,2023-11-04
CB,E,J,2022,11,5,5,0.0,2023-11-04
BC,D,J,2022,11,5,5,2240.54,2023-11-04
RD,A,J,2022,11,5,5,40.09,2023-11-04
CR,D,S,2022,11,5,5,0.0,2023-11-04
BC,C,J,2022,11,5,5,1030.0,2023-11-04
BC,A,J,2022,11,5,5,3475.85,2023-11-04
TG,E,S,2022,11,5,5,1075.59,2023-11-04
BC,B,J,2022,11,6,6,0.0,2023-11-05
CB,D,J,2022,11,6,6,0.0,2023-11-05
CB,A,J,2022,11,6,6,0.0,2023-11-05
CR,E,J,2022,11,6,6,0.0,2023-11-05
TG,A,S,2022,11,6,6,0.0,2023-11-05
TG,C,S,2022,11,6,6,0.0,2023-11-05
TG,D,S,2022,11,6,6,0.0,2023-11-05
RD,F,J,2022,11,6,6,0.0,2023-11-05
TG,E,J,2022,11,6,6,0.0,2023-11-05
CR,C,J,2022,11,6,6,0.0,2023-11-05
BC,E,S,2022,11,6,6,0.0,2023-11-05
CR,A,J,2022,11,6,6,0.0,2023-11-05
CR,D,J,2022,11,6,6,0.0,2023-11-05
RD,E,S,2022,11,6,6,0.0,2023-11-05
RD,D,S,2022,11,6,6,0.0,2023-11-05
CB,F,J,2022,11,6,6,0.0,2023-11-05
TG,B,S,2022,11,6,6,0.0,2023-11-05
RD,A,S,2022,11,6,6,0.0,2023-11-05
CR,B,J,2022,11,6,6,0.0,2023-11-05
TG,A,J,2022,11,6,6,0.0,2023-11-05
TG,C,J,2022,11,6,6,0.0,2023-11-05
BC,C,S,2022,11,6,6,0.0,2023-11-05
TG,D,J,2022,11,6,6,0.0,2023-11-05
RD,C,S,2022,11,6,6,0.0,2023-11-05
BC,A,S,2022,11,6,6,0.0,2023-11-05
BC,B,S,2022,11,6,6,0.0,2023-11-05
CB,A,S,2022,11,6,6,0.0,2023-11-05
CR,E,S,2022,11,6,6,0.0,2023-11-05
BC,E,J,2022,11,6,6,0.0,2023-11-05
RD,E,J,2022,11,6,6,0.0,2023-11-05
RD,D,J,2022,11,6,6,0.0,2023-11-05
TG,B,J,2022,11,6,6,0.0,2023-11-05
CB,E,J,2022,11,6,6,0.0,2023-11-05
BC,D,J,2022,11,6,6,0.0,2023-11-05
RD,A,J,2022,11,6,6,0.0,2023-11-05
CR,D,S,2022,11,6,6,0.0,2023-11-05
BC,C,J,2022,11,6,6,0.0,2023-11-05
BC,A,J,2022,11,6,6,0.0,2023-11-05
TG,E,S,2022,11,6,6,0.0,2023-11-05
BC,B,J,2022,11,7,0,1060.58,2023-11-06
CB,D,J,2022,11,7,0,5.75,2023-11-06
CB,A,J,2022,11,7,0,170.2,2023-11-06
CR,E,J,2022,11,7,0,0.0,2023-11-06
TG,A,S,2022,11,7,0,1824.32,2023-11-06
TG,C,S,2022,11,7,0,1926.26,2023-11-06
TG,D,S,2022,11,7,0,1529.11,2023-11-06
RD,F,J,2022,11,7,0,223.33,2023-11-06
TG,E,J,2022,11,7,0,1736.39,2023-11-06
CR,C,J,2022,11,7,0,0.0,2023-11-06
BC,E,S,2022,11,7,0,2264.41,2023-11-06
CR,A,J,2022,11,7,0,3599.86,2023-11-06
CR,D,J,2022,11,7,0,11.5,2023-11-06
RD,E,S,2022,11,7,0,0.0,2023-11-06
RD,D,S,2022,11,7,0,0.0,2023-11-06
CB,F,J,2022,11,7,0,0.0,2023-11-06
TG,B,S,2022,11,7,0,1507.87,2023-11-06
RD,A,S,2022,11,7,0,0.0,2023-11-06
CR,B,J,2022,11,7,0,0.0,2023-11-06
TG,A,J,2022,11,7,0,1296.04,2023-11-06
TG,C,J,2022,11,7,0,2031.61,2023-11-06
BC,C,S,2022,11,7,0,0.0,2023-11-06
TG,D,J,2022,11,7,0,1381.76,2023-11-06
RD,C,S,2022,11,7,0,0.0,2023-11-06
BC,A,S,2022,11,7,0,3121.23,2023-11-06
BC,B,S,2022,11,7,0,0.0,2023-11-06
CB,A,S,2022,11,7,0,0.0,2023-11-06
CR,E,S,2022,11,7,0,0.0,2023-11-06
BC,E,J,2022,11,7,0,2778.92,2023-11-06
RD,E,J,2022,11,7,0,91.53,2023-11-06
RD,D,J,2022,11,7,0,316.25,2023-11-06
TG,B,J,2022,11,7,0,1501.09,2023-11-06
CB,E,J,2022,11,7,0,0.0,2023-11-06
BC,D,J,2022,11,7,0,2425.7,2023-11-06
RD,A,J,2022,11,7,0,2974.56,2023-11-06
CR,D,S,2022,11,7,0,0.0,2023-11-06
BC,C,J,2022,11,7,0,1351.8,2023-11-06
BC,A,J,2022,11,7,0,3041.83,2023-11-06
TG,E,S,2022,11,7,0,1275.84,2023-11-06
BC,B,J,2022,11,8,1,1798.01,2023-11-07
CB,D,J,2022,11,8,1,0.0,2023-11-07
CB,A,J,2022,11,8,1,641.18,2023-11-07
CR,E,J,2022,11,8,1,0.0,2023-11-07
TG,A,S,2022,11,8,1,1846.17,2023-11-07
TG,C,S,2022,11,8,1,1543.79,2023-11-07
TG,D,S,2022,11,8,1,1679.36,2023-11-07
RD,F,J,2022,11,8,1,0.0,2023-11-07
TG,E,J,2022,11,8,1,1777.59,2023-11-07
CR,C,J,2022,11,8,1,0.0,2023-11-07
BC,E,S,2022,11,8,1,693.39,2023-11-07
CR,A,J,2022,11,8,1,3606.67,2023-11-07
CR,D,J,2022,11,8,1,0.0,2023-11-07
RD,E,S,2022,11,8,1,0.0,2023-11-07
RD,D,S,2022,11,8,1,0.0,2023-11-07
CB,F,J,2022,11,8,1,3.55,2023-11-07
TG,B,S,2022,11,8,1,1527.75,2023-11-07
RD,A,S,2022,11,8,1,0.0,2023-11-07
CR,B,J,2022,11,8,1,0.0,2023-11-07
TG,A,J,2022,11,8,1,1186.48,2023-11-07
TG,C,J,2022,11,8,1,1805.46,2023-11-07
BC,C,S,2022,11,8,1,0.0,2023-11-07
TG,D,J,2022,11,8,1,1400.01,2023-11-07
RD,C,S,2022,11,8,1,0.0,2023-11-07
BC,A,S,2022,11,8,1,2688.42,2023-11-07
BC,B,S,2022,11,8,1,0.0,2023-11-07
CB,A,S,2022,11,8,1,0.0,2023-11-07
CR,E,S,2022,11,8,1,0.0,2023-11-07
BC,E,J,2022,11,8,1,1865.09,2023-11-07
RD,E,J,2022,11,8,1,0.0,2023-11-07
RD,D,J,2022,11,8,1,0.0,2023-11-07
TG,B,J,2022,11,8,1,1362.3,2023-11-07
CB,E,J,2022,11,8,1,0.0,2023-11-07
BC,D,J,2022,11,8,1,2542.78,2023-11-07
RD,A,J,2022,11,8,1,2675.96,2023-11-07
CR,D,S,2022,11,8,1,0.0,2023-11-07
BC,C,J,2022,11,8,1,1697.0,2023-11-07
BC,A,J,2022,11,8,1,2647.89,2023-11-07
TG,E,S,2022,11,8,1,1268.96,2023-11-07
BC,B,J,2022,11,9,2,2215.09,2023-11-08
CB,D,J,2022,11,9,2,0.0,2023-11-08
CB,A,J,2022,11,9,2,0.0,2023-11-08
CR,E,J,2022,11,9,2,0.0,2023-11-08
TG,A,S,2022,11,9,2,1831.34,2023-11-08
TG,C,S,2022,11,9,2,1611.17,2023-11-08
TG,D,S,2022,11,9,2,1593.74,2023-11-08
RD,F,J,2022,11,9,2,12.06,2023-11-08
TG,E,J,2022,11,9,2,1604.13,2023-11-08
CR,C,J,2022,11,9,2,0.0,2023-11-08
BC,E,S,2022,11,9,2,781.16,2023-11-08
CR,A,J,2022,11,9,2,3484.08,2023-11-08
CR,D,J,2022,11,9,2,0.0,2023-11-08
RD,E,S,2022,11,9,2,0.0,2023-11-08
RD,D,S,2022,11,9,2,0.0,2023-11-08
CB,F,J,2022,11,9,2,0.0,2023-11-08
TG,B,S,2022,11,9,2,1535.57,2023-11-08
RD,A,S,2022,11,9,2,0.0,2023-11-08
CR,B,J,2022,11,9,2,0.0,2023-11-08
TG,A,J,2022,11,9,2,1286.7,2023-11-08
TG,C,J,2022,11,9,2,2001.74,2023-11-08
BC,C,S,2022,11,9,2,0.0,2023-11-08
TG,D,J,2022,11,9,2,1543.84,2023-11-08
RD,C,S,2022,11,9,2,0.0,2023-11-08
BC,A,S,2022,11,9,2,2916.85,2023-11-08
BC,B,S,2022,11,9,2,0.0,2023-11-08
CB,A,S,2022,11,9,2,0.0,2023-11-08
CR,E,S,2022,11,9,2,0.0,2023-11-08
BC,E,J,2022,11,9,2,3165.59,2023-11-08
RD,E,J,2022,11,9,2,0.0,2023-11-08
RD,D,J,2022,11,9,2,0.0,2023-11-08
TG,B,J,2022,11,9,2,1488.02,2023-11-08
CB,E,J,2022,11,9,2,0.0,2023-11-08
BC,D,J,2022,11,9,2,3050.87,2023-11-08
RD,A,J,2022,11,9,2,2563.75,2023-11-08
CR,D,S,2022,11,9,2,0.0,2023-11-08
BC,C,J,2022,11,9,2,1500.21,2023-11-08
BC,A,J,2022,11,9,2,3346.51,2023-11-08
TG,E,S,2022,11,9,2,1255.25,2023-11-08
BC,B,J,2022,11,10,3,1616.96,2023-11-09
CB,D,J,2022,11,10,3,242.0,2023-11-09
CB,A,J,2022,11,10,3,75.72,2023-11-09
CR,E,J,2022,11,10,3,550.0,2023-11-09
TG,A,S,2022,11,10,3,1872.18,2023-11-09
TG,C,S,2022,11,10,3,1665.58,2023-11-09
TG,D,S,2022,11,10,3,1595.16,2023-11-09
RD,F,J,2022,11,10,3,9.68,2023-11-09
TG,E,J,2022,11,10,3,1622.64,2023-11-09
CR,C,J,2022,11,10,3,165.0,2023-11-09
BC,E,S,2022,11,10,3,2373.19,2023-11-09
CR,A,J,2022,11,10,3,3564.91,2023-11-09
CR,D,J,2022,11,10,3,99.0,2023-11-09
RD,E,S,2022,11,10,3,0.0,2023-11-09
RD,D,S,2022,11,10,3,0.0,2023-11-09
CB,F,J,2022,11,10,3,22.0,2023-11-09
TG,B,S,2022,11,10,3,1493.19,2023-11-09
RD,A,S,2022,11,10,3,0.0,2023-11-09
CR,B,J,2022,11,10,3,154.0,2023-11-09
TG,A,J,2022,11,10,3,1158.16,2023-11-09
TG,C,J,2022,11,10,3,1882.65,2023-11-09
BC,C,S,2022,11,10,3,0.0,2023-11-09
TG,D,J,2022,11,10,3,1217.33,2023-11-09
RD,C,S,2022,11,10,3,0.0,2023-11-09
BC,A,S,2022,11,10,3,2779.26,2023-11-09
BC,B,S,2022,11,10,3,0.0,2023-11-09
CB,A,S,2022,11,10,3,0.0,2023-11-09
CR,E,S,2022,11,10,3,0.0,2023-11-09
BC,E,J,2022,11,10,3,2824.57,2023-11-09
RD,E,J,2022,11,10,3,33.0,2023-11-09
RD,D,J,2022,11,10,3,11.0,2023-11-09
TG,B,J,2022,11,10,3,1342.24,2023-11-09
CB,E,J,2022,11,10,3,715.0,2023-11-09
BC,D,J,2022,11,10,3,2736.41,2023-11-09
RD,A,J,2022,11,10,3,2660.08,2023-11-09
CR,D,S,2022,11,10,3,0.0,2023-11-09
BC,C,J,2022,11,10,3,1484.56,2023-11-09
BC,A,J,2022,11,10,3,2752.25,2023-11-09
TG,E,S,2022,11,10,3,1284.93,2023-11-09
BC,B,J,2022,11,11,4,2065.09,2023-11-10
CB,D,J,2022,11,11,4,0.0,2023-11-10
CB,A,J,2022,11,11,4,90.56,2023-11-10
CR,E,J,2022,11,11,4,0.0,2023-11-10
TG,A,S,2022,11,11,4,1996.39,2023-11-10
TG,C,S,2022,11,11,4,1715.87,2023-11-10
TG,D,S,2022,11,11,4,1422.74,2023-11-10
RD,F,J,2022,11,11,4,0.0,2023-11-10
TG,E,J,2022,11,11,4,1614.57,2023-11-10
CR,C,J,2022,11,11,4,0.0,2023-11-10
BC,E,S,2022,11,11,4,461.97,2023-11-10
CR,A,J,2022,11,11,4,3616.84,2023-11-10
CR,D,J,2022,11,11,4,0.0,2023-11-10
RD,E,S,2022,11,11,4,0.0,2023-11-10
RD,D,S,2022,11,11,4,0.0,2023-11-10
CB,F,J,2022,11,11,4,0.0,2023-11-10
TG,B,S,2022,11,11,4,1481.53,2023-11-10
RD,A,S,2022,11,11,4,0.0,2023-11-10
CR,B,J,2022,11,11,4,0.0,2023-11-10
TG,A,J,2022,11,11,4,1243.49,2023-11-10
TG,C,J,2022,11,11,4,2049.88,2023-11-10
BC,C,S,2022,11,11,4,0.0,2023-11-10
TG,D,J,2022,11,11,4,1212.0,2023-11-10
RD,C,S,2022,11,11,4,0.0,2023-11-10
BC,A,S,2022,11,11,4,3133.03,2023-11-10
BC,B,S,2022,11,11,4,0.0,2023-11-10
CB,A,S,2022,11,11,4,0.0,2023-11-10
CR,E,S,2022,11,11,4,0.0,2023-11-10
BC,E,J,2022,11,11,4,2862.51,2023-11-10
RD,E,J,2022,11,11,4,0.0,2023-11-10
RD,D,J,2022,11,11,4,0.0,2023-11-10
TG,B,J,2022,11,11,4,1372.92,2023-11-10
CB,E,J,2022,11,11,4,0.0,2023-11-10
BC,D,J,2022,11,11,4,2675.43,2023-11-10
RD,A,J,2022,11,11,4,2732.5,2023-11-10
CR,D,S,2022,11,11,4,0.0,2023-11-10
BC,C,J,2022,11,11,4,2071.63,2023-11-10
BC,A,J,2022,11,11,4,3193.64,2023-11-10
TG,E,S,2022,11,11,4,1237.48,2023-11-10
BC,B,J,2022,11,12,5,1755.11,2023-11-11
CB,D,J,2022,11,12,5,0.0,2023-11-11
CB,A,J,2022,11,12,5,1114.31,2023-11-11
CR,E,J,2022,11,12,5,0.0,2023-11-11
TG,A,S,2022,11,12,5,1635.41,2023-11-11
TG,C,S,2022,11,12,5,1804.93,2023-11-11
TG,D,S,2022,11,12,5,1551.9,2023-11-11
RD,F,J,2022,11,12,5,21.42,2023-11-11
TG,E,J,2022,11,12,5,1596.52,2023-11-11
CR,C,J,2022,11,12,5,0.0,2023-11-11
BC,E,S,2022,11,12,5,2284.56,2023-11-11
CR,A,J,2022,11,12,5,15.57,2023-11-11
CR,D,J,2022,11,12,5,0.0,2023-11-11
RD,E,S,2022,11,12,5,0.0,2023-11-11
RD,D,S,2022,11,12,5,0.0,2023-11-11
CB,F,J,2022,11,12,5,0.0,2023-11-11
TG,B,S,2022,11,12,5,1499.36,2023-11-11
RD,A,S,2022,11,12,5,0.0,2023-11-11
CR,B,J,2022,11,12,5,0.0,2023-11-11
TG,A,J,2022,11,12,5,1533.85,2023-11-11
TG,C,J,2022,11,12,5,2043.64,2023-11-11
BC,C,S,2022,11,12,5,0.0,2023-11-11
TG,D,J,2022,11,12,5,1168.6,2023-11-11
RD,C,S,2022,11,12,5,0.0,2023-11-11
BC,A,S,2022,11,12,5,2273.34,2023-11-11
BC,B,S,2022,11,12,5,0.0,2023-11-11
CB,A,S,2022,11,12,5,0.0,2023-11-11
CR,E,S,2022,11,12,5,0.0,2023-11-11
BC,E,J,2022,11,12,5,2587.56,2023-11-11
RD,E,J,2022,11,12,5,0.0,2023-11-11
RD,D,J,2022,11,12,5,0.0,2023-11-11
TG,B,J,2022,11,12,5,1078.7,2023-11-11
CB,E,J,2022,11,12,5,0.0,2023-11-11
BC,D,J,2022,11,12,5,2289.39,2023-11-11
RD,A,J,2022,11,12,5,27.5,2023-11-11
CR,D,S,2022,11,12,5,0.0,2023-11-11
BC,C,J,2022,11,12,5,1811.75,2023-11-11
BC,A,J,2022,11,12,5,2511.57,2023-11-11
TG,E,S,2022,11,12,5,1812.93,2023-11-11
BC,B,J,2022,11,13,6,0.0,2023-11-12
CB,D,J,2022,11,13,6,0.0,2023-11-12
CB,A,J,2022,11,13,6,0.0,2023-11-12
CR,E,J,2022,11,13,6,0.0,2023-11-12
TG,A,S,2022,11,13,6,0.0,2023-11-12
TG,C,S,2022,11,13,6,0.0,2023-11-12
TG,D,S,2022,11,13,6,0.0,2023-11-12
RD,F,J,2022,11,13,6,0.0,2023-11-12
TG,E,J,2022,11,13,6,0.0,2023-11-12
CR,C,J,2022,11,13,6,0.0,2023-11-12
BC,E,S,2022,11,13,6,0.0,2023-11-12
CR,A,J,2022,11,13,6,0.0,2023-11-12
CR,D,J,2022,11,13,6,0.0,2023-11-12
RD,E,S,2022,11,13,6,0.0,2023-11-12
RD,D,S,2022,11,13,6,0.0,2023-11-12
CB,F,J,2022,11,13,6,0.0,2023-11-12
TG,B,S,2022,11,13,6,0.0,2023-11-12
RD,A,S,2022,11,13,6,0.0,2023-11-12
CR,B,J,2022,11,13,6,0.0,2023-11-12
TG,A,J,2022,11,13,6,0.0,2023-11-12
TG,C,J,2022,11,13,6,0.0,2023-11-12
BC,C,S,2022,11,13,6,0.0,2023-11-12
TG,D,J,2022,11,13,6,0.0,2023-11-12
RD,C,S,2022,11,13,6,0.0,2023-11-12
BC,A,S,2022,11,13,6,0.0,2023-11-12
BC,B,S,2022,11,13,6,0.0,2023-11-12
CB,A,S,2022,11,13,6,0.0,2023-11-12
CR,E,S,2022,11,13,6,0.0,2023-11-12
BC,E,J,2022,11,13,6,0.0,2023-11-12
RD,E,J,2022,11,13,6,0.0,2023-11-12
RD,D,J,2022,11,13,6,0.0,2023-11-12
TG,B,J,2022,11,13,6,0.0,2023-11-12
CB,E,J,2022,11,13,6,0.0,2023-11-12
BC,D,J,2022,11,13,6,0.0,2023-11-12
RD,A,J,2022,11,13,6,0.0,2023-11-12
CR,D,S,2022,11,13,6,0.0,2023-11-12
BC,C,J,2022,11,13,6,0.0,2023-11-12
BC,A,J,2022,11,13,6,0.0,2023-11-12
TG,E,S,2022,11,13,6,0.0,2023-11-12
BC,B,J,2022,11,14,0,1727.3,2023-11-13
CB,D,J,2022,11,14,0,0.0,2023-11-13
CB,A,J,2022,11,14,0,767.09,2023-11-13
CR,E,J,2022,11,14,0,0.0,2023-11-13
TG,A,S,2022,11,14,0,1971.08,2023-11-13
TG,C,S,2022,11,14,0,1733.52,2023-11-13
TG,D,S,2022,11,14,0,1565.74,2023-11-13
RD,F,J,2022,11,14,0,30.65,2023-11-13
TG,E,J,2022,11,14,0,1643.86,2023-11-13
CR,C,J,2022,11,14,0,0.0,2023-11-13
BC,E,S,2022,11,14,0,1390.81,2023-11-13
CR,A,J,2022,11,14,0,3597.76,2023-11-13
CR,D,J,2022,11,14,0,0.0,2023-11-13
RD,E,S,2022,11,14,0,0.0,2023-11-13
RD,D,S,2022,11,14,0,0.0,2023-11-13
CB,F,J,2022,11,14,0,3.55,2023-11-13
TG,B,S,2022,11,14,0,1516.11,2023-11-13
RD,A,S,2022,11,14,0,0.0,2023-11-13
CR,B,J,2022,11,14,0,0.0,2023-11-13
TG,A,J,2022,11,14,0,1356.04,2023-11-13
TG,C,J,2022,11,14,0,1920.73,2023-11-13
BC,C,S,2022,11,14,0,0.0,2023-11-13
TG,D,J,2022,11,14,0,1263.81,2023-11-13
RD,C,S,2022,11,14,0,0.0,2023-11-13
BC,A,S,2022,11,14,0,2288.53,2023-11-13
BC,B,S,2022,11,14,0,0.0,2023-11-13
CB,A,S,2022,11,14,0,0.0,2023-11-13
CR,E,S,2022,11,14,0,0.0,2023-11-13
BC,E,J,2022,11,14,0,1974.75,2023-11-13
RD,E,J,2022,11,14,0,0.0,2023-11-13
RD,D,J,2022,11,14,0,0.0,2023-11-13
TG,B,J,2022,11,14,0,1451.1,2023-11-13
CB,E,J,2022,11,14,0,0.0,2023-11-13
BC,D,J,2022,11,14,0,1725.46,2023-11-13
RD,A,J,2022,11,14,0,2787.29,2023-11-13
CR,D,S,2022,11,14,0,0.0,2023-11-13
BC,C,J,2022,11,14,0,1872.48,2023-11-13
BC,A,J,2022,11,14,0,2186.14,2023-11-13
TG,E,S,2022,11,14,0,1370.88,2023-11-13
BC,B,J,2022,11,15,1,1147.34,2023-11-14
CB,D,J,2022,11,15,1,0.0,2023-11-14
CB,A,J,2022,11,15,1,1026.85,2023-11-14
CR,E,J,2022,11,15,1,0.0,2023-11-14
TG,A,S,2022,11,15,1,1955.89,2023-11-14
TG,C,S,2022,11,15,1,1516.35,2023-11-14
TG,D,S,2022,11,15,1,1614.51,2023-11-14
RD,F,J,2022,11,15,1,4.88,2023-11-14
TG,E,J,2022,11,15,1,2112.06,2023-11-14
CR,C,J,2022,11,15,1,0.0,2023-11-14
BC,E,S,2022,11,15,1,1571.12,2023-11-14
CR,A,J,2022,11,15,1,3488.66,2023-11-14
CR,D,J,2022,11,15,1,0.0,2023-11-14
RD,E,S,2022,11,15,1,0.0,2023-11-14
RD,D,S,2022,11,15,1,0.0,2023-11-14
CB,F,J,2022,11,15,1,3.55,2023-11-14
TG,B,S,2022,11,15,1,1618.16,2023-11-14
RD,A,S,2022,11,15,1,0.0,2023-11-14
CR,B,J,2022,11,15,1,0.0,2023-11-14
TG,A,J,2022,11,15,1,1532.98,2023-11-14
TG,C,J,2022,11,15,1,2259.67,2023-11-14
BC,C,S,2022,11,15,1,0.0,2023-11-14
TG,D,J,2022,11,15,1,1660.4,2023-11-14
RD,C,S,2022,11,15,1,0.0,2023-11-14
BC,A,S,2022,11,15,1,2034.96,2023-11-14
BC,B,S,2022,11,15,1,0.0,2023-11-14
CB,A,S,2022,11,15,1,0.0,2023-11-14
CR,E,S,2022,11,15,1,0.0,2023-11-14
BC,E,J,2022,11,15,1,1826.41,2023-11-14
RD,E,J,2022,11,15,1,0.0,2023-11-14
RD,D,J,2022,11,15,1,0.0,2023-11-14
TG,B,J,2022,11,15,1,1633.05,2023-11-14
CB,E,J,2022,11,15,1,0.0,2023-11-14
BC,D,J,2022,11,15,1,1553.0,2023-11-14
RD,A,J,2022,11,15,1,2648.69,2023-11-14
CR,D,S,2022,11,15,1,0.0,2023-11-14
BC,C,J,2022,11,15,1,1371.44,2023-11-14
BC,A,J,2022,11,15,1,1919.06,2023-11-14
TG,E,S,2022,11,15,1,1628.06,2023-11-14
BC,B,J,2022,11,16,2,1521.84,2023-11-15
CB,D,J,2022,11,16,2,0.0,2023-11-15
CB,A,J,2022,11,16,2,0.0,2023-11-15
CR,E,J,2022,11,16,2,0.0,2023-11-15
TG,A,S,2022,11,16,2,1958.02,2023-11-15
TG,C,S,2022,11,16,2,1829.41,2023-11-15
TG,D,S,2022,11,16,2,1798.44,2023-11-15
RD,F,J,2022,11,16,2,11.99,2023-11-15
TG,E,J,2022,11,16,2,2112.81,2023-11-15
CR,C,J,2022,11,16,2,0.0,2023-11-15
BC,E,S,2022,11,16,2,1028.27,2023-11-15
CR,A,J,2022,11,16,2,3572.59,2023-11-15
CR,D,J,2022,11,16,2,0.0,2023-11-15
RD,E,S,2022,11,16,2,0.0,2023-11-15
RD,D,S,2022,11,16,2,0.0,2023-11-15
CB,F,J,2022,11,16,2,0.0,2023-11-15
TG,B,S,2022,11,16,2,1780.06,2023-11-15
RD,A,S,2022,11,16,2,0.0,2023-11-15
CR,B,J,2022,11,16,2,0.0,2023-11-15
TG,A,J,2022,11,16,2,1343.76,2023-11-15
TG,C,J,2022,11,16,2,2348.05,2023-11-15
BC,C,S,2022,11,16,2,0.0,2023-11-15
TG,D,J,2022,11,16,2,1457.9,2023-11-15
RD,C,S,2022,11,16,2,0.0,2023-11-15
BC,A,S,2022,11,16,2,1859.33,2023-11-15
BC,B,S,2022,11,16,2,0.0,2023-11-15
CB,A,S,2022,11,16,2,0.0,2023-11-15
CR,E,S,2022,11,16,2,0.0,2023-11-15
BC,E,J,2022,11,16,2,1858.01,2023-11-15
RD,E,J,2022,11,16,2,0.0,2023-11-15
RD,D,J,2022,11,16,2,0.0,2023-11-15
TG,B,J,2022,11,16,2,1612.6,2023-11-15
CB,E,J,2022,11,16,2,0.0,2023-11-15
BC,D,J,2022,11,16,2,1451.95,2023-11-15
RD,A,J,2022,11,16,2,2707.5,2023-11-15
CR,D,S,2022,11,16,2,0.0,2023-11-15
BC,C,J,2022,11,16,2,1562.09,2023-11-15
BC,A,J,2022,11,16,2,1843.05,2023-11-15
TG,E,S,2022,11,16,2,1521.95,2023-11-15
BC,B,J,2022,11,17,3,1795.8,2023-11-16
CB,D,J,2022,11,17,3,0.0,2023-11-16
CB,A,J,2022,11,17,3,49.39,2023-11-16
CR,E,J,2022,11,17,3,0.0,2023-11-16
TG,A,S,2022,11,17,3,1864.24,2023-11-16
TG,C,S,2022,11,17,3,1944.16,2023-11-16
TG,D,S,2022,11,17,3,1911.3,2023-11-16
RD,F,J,2022,11,17,3,9.68,2023-11-16
TG,E,J,2022,11,17,3,1551.92,2023-11-16
CR,C,J,2022,11,17,3,0.0,2023-11-16
BC,E,S,2022,11,17,3,1336.95,2023-11-16
CR,A,J,2022,11,17,3,3622.23,2023-11-16
CR,D,J,2022,11,17,3,0.0,2023-11-16
RD,E,S,2022,11,17,3,0.0,2023-11-16
RD,D,S,2022,11,17,3,0.0,2023-11-16
CB,F,J,2022,11,17,3,0.0,2023-11-16
TG,B,S,2022,11,17,3,1959.83,2023-11-16
RD,A,S,2022,11,17,3,0.0,2023-11-16
CR,B,J,2022,11,17,3,0.0,2023-11-16
TG,A,J,2022,11,17,3,1226.59,2023-11-16
TG,C,J,2022,11,17,3,2159.84,2023-11-16
BC,C,S,2022,11,17,3,0.0,2023-11-16
TG,D,J,2022,11,17,3,1168.34,2023-11-16
RD,C,S,2022,11,17,3,0.0,2023-11-16
BC,A,S,2022,11,17,3,1754.49,2023-11-16
BC,B,S,2022,11,17,3,0.0,2023-11-16
CB,A,S,2022,11,17,3,0.0,2023-11-16
CR,E,S,2022,11,17,3,0.0,2023-11-16
BC,E,J,2022,11,17,3,1897.33,2023-11-16
RD,E,J,2022,11,17,3,0.0,2023-11-16
RD,D,J,2022,11,17,3,0.0,2023-11-16
TG,B,J,2022,11,17,3,1396.4,2023-11-16
CB,E,J,2022,11,17,3,0.0,2023-11-16
BC,D,J,2022,11,17,3,1773.66,2023-11-16
RD,A,J,2022,11,17,3,2685.98,2023-11-16
CR,D,S,2022,11,17,3,0.0,2023-11-16
BC,C,J,2022,11,17,3,1637.07,2023-11-16
BC,A,J,2022,11,17,3,1816.65,2023-11-16
TG,E,S,2022,11,17,3,1455.61,2023-11-16
BC,B,J,2022,11,18,4,1086.75,2023-11-17
CB,D,J,2022,11,18,4,0.0,2023-11-17
CB,A,J,2022,11,18,4,122.87,2023-11-17
CR,E,J,2022,11,18,4,0.0,2023-11-17
TG,A,S,2022,11,18,4,1974.56,2023-11-17
TG,C,S,2022,11,18,4,1785.33,2023-11-17
TG,D,S,2022,11,18,4,1687.19,2023-11-17
RD,F,J,2022,11,18,4,0.0,2023-11-17
TG,E,J,2022,11,18,4,1695.86,2023-11-17
CR,C,J,2022,11,18,4,0.0,2023-11-17
BC,E,S,2022,11,18,4,1514.41,2023-11-17
CR,A,J,2022,11,18,4,3616.63,2023-11-17
CR,D,J,2022,11,18,4,0.0,2023-11-17
RD,E,S,2022,11,18,4,0.0,2023-11-17
RD,D,S,2022,11,18,4,0.0,2023-11-17
CB,F,J,2022,11,18,4,0.0,2023-11-17
TG,B,S,2022,11,18,4,1611.42,2023-11-17
RD,A,S,2022,11,18,4,0.0,2023-11-17
CR,B,J,2022,11,18,4,0.0,2023-11-17
TG,A,J,2022,11,18,4,1257.73,2023-11-17
TG,C,J,2022,11,18,4,2238.57,2023-11-17
BC,C,S,2022,11,18,4,0.0,2023-11-17
TG,D,J,2022,11,18,4,1287.07,2023-11-17
RD,C,S,2022,11,18,4,0.0,2023-11-17
BC,A,S,2022,11,18,4,1744.26,2023-11-17
BC,B,S,2022,11,18,4,0.0,2023-11-17
CB,A,S,2022,11,18,4,0.0,2023-11-17
CR,E,S,2022,11,18,4,0.0,2023-11-17
BC,E,J,2022,11,18,4,1981.45,2023-11-17
RD,E,J,2022,11,18,4,0.0,2023-11-17
RD,D,J,2022,11,18,4,0.0,2023-11-17
TG,B,J,2022,11,18,4,1595.88,2023-11-17
CB,E,J,2022,11,18,4,0.0,2023-11-17
BC,D,J,2022,11,18,4,1989.78,2023-11-17
RD,A,J,2022,11,18,4,2718.75,2023-11-17
CR,D,S,2022,11,18,4,0.0,2023-11-17
BC,C,J,2022,11,18,4,1589.56,2023-11-17
BC,A,J,2022,11,18,4,1831.83,2023-11-17
TG,E,S,2022,11,18,4,1275.8,2023-11-17
BC,B,J,2022,11,19,5,1637.8,2023-11-18
CB,D,J,2022,11,19,5,0.0,2023-11-18
CB,A,J,2022,11,19,5,250.29,2023-11-18
CR,E,J,2022,11,19,5,0.0,2023-11-18
TG,A,S,2022,11,19,5,1964.93,2023-11-18
TG,C,S,2022,11,19,5,1552.54,2023-11-18
TG,D,S,2022,11,19,5,1593.6,2023-11-18
RD,F,J,2022,11,19,5,20.72,2023-11-18
TG,E,J,2022,11,19,5,1753.93,2023-11-18
CR,C,J,2022,11,19,5,0.0,2023-11-18
BC,E,S,2022,11,19,5,1328.36,2023-11-18
CR,A,J,2022,11,19,5,6.89,2023-11-18
CR,D,J,2022,11,19,5,10.28,2023-11-18
RD,E,S,2022,11,19,5,0.0,2023-11-18
RD,D,S,2022,11,19,5,0.0,2023-11-18
CB,F,J,2022,11,19,5,0.0,2023-11-18
TG,B,S,2022,11,19,5,1634.47,2023-11-18
RD,A,S,2022,11,19,5,0.0,2023-11-18
CR,B,J,2022,11,19,5,0.0,2023-11-18
TG,A,J,2022,11,19,5,1267.42,2023-11-18
TG,C,J,2022,11,19,5,2019.57,2023-11-18
BC,C,S,2022,11,19,5,0.0,2023-11-18
TG,D,J,2022,11,19,5,1488.4,2023-11-18
RD,C,S,2022,11,19,5,0.0,2023-11-18
BC,A,S,2022,11,19,5,2106.89,2023-11-18
BC,B,S,2022,11,19,5,0.0,2023-11-18
CB,A,S,2022,11,19,5,0.0,2023-11-18
CR,E,S,2022,11,19,5,0.0,2023-11-18
BC,E,J,2022,11,19,5,2020.62,2023-11-18
RD,E,J,2022,11,19,5,0.0,2023-11-18
RD,D,J,2022,11,19,5,10.28,2023-11-18
TG,B,J,2022,11,19,5,1448.77,2023-11-18
CB,E,J,2022,11,19,5,0.0,2023-11-18
BC,D,J,2022,11,19,5,1830.45,2023-11-18
RD,A,J,2022,11,19,5,43.22,2023-11-18
CR,D,S,2022,11,19,5,0.0,2023-11-18
BC,C,J,2022,11,19,5,1498.97,2023-11-18
BC,A,J,2022,11,19,5,2107.17,2023-11-18
TG,E,S,2022,11,19,5,1255.85,2023-11-18
BC,B,J,2022,11,20,6,0.0,2023-11-19
CB,D,J,2022,11,20,6,0.0,2023-11-19
CB,A,J,2022,11,20,6,0.0,2023-11-19
CR,E,J,2022,11,20,6,0.0,2023-11-19
TG,A,S,2022,11,20,6,0.0,2023-11-19
TG,C,S,2022,11,20,6,0.0,2023-11-19
TG,D,S,2022,11,20,6,0.0,2023-11-19
RD,F,J,2022,11,20,6,0.0,2023-11-19
TG,E,J,2022,11,20,6,0.0,2023-11-19
CR,C,J,2022,11,20,6,0.0,2023-11-19
BC,E,S,2022,11,20,6,0.0,2023-11-19
CR,A,J,2022,11,20,6,0.0,2023-11-19
CR,D,J,2022,11,20,6,0.0,2023-11-19
RD,E,S,2022,11,20,6,0.0,2023-11-19
RD,D,S,2022,11,20,6,0.0,2023-11-19
CB,F,J,2022,11,20,6,0.0,2023-11-19
TG,B,S,2022,11,20,6,0.0,2023-11-19
RD,A,S,2022,11,20,6,0.0,2023-11-19
CR,B,J,2022,11,20,6,0.0,2023-11-19
TG,A,J,2022,11,20,6,0.0,2023-11-19
TG,C,J,2022,11,20,6,0.0,2023-11-19
BC,C,S,2022,11,20,6,0.0,2023-11-19
TG,D,J,2022,11,20,6,0.0,2023-11-19
RD,C,S,2022,11,20,6,0.0,2023-11-19
BC,A,S,2022,11,20,6,0.0,2023-11-19
BC,B,S,2022,11,20,6,0.0,2023-11-19
CB,A,S,2022,11,20,6,0.0,2023-11-19
CR,E,S,2022,11,20,6,0.0,2023-11-19
BC,E,J,2022,11,20,6,0.0,2023-11-19
RD,E,J,2022,11,20,6,0.0,2023-11-19
RD,D,J,2022,11,20,6,0.0,2023-11-19
TG,B,J,2022,11,20,6,0.0,2023-11-19
CB,E,J,2022,11,20,6,0.0,2023-11-19
BC,D,J,2022,11,20,6,0.0,2023-11-19
RD,A,J,2022,11,20,6,0.0,2023-11-19
CR,D,S,2022,11,20,6,0.0,2023-11-19
BC,C,J,2022,11,20,6,0.0,2023-11-19
BC,A,J,2022,11,20,6,0.0,2023-11-19
TG,E,S,2022,11,20,6,0.0,2023-11-19
BC,B,J,2022,11,21,0,1617.09,2023-11-20
CB,D,J,2022,11,21,0,0.0,2023-11-20
CB,A,J,2022,11,21,0,158.39,2023-11-20
CR,E,J,2022,11,21,0,0.0,2023-11-20
TG,A,S,2022,11,21,0,1884.6,2023-11-20
TG,C,S,2022,11,21,0,1800.61,2023-11-20
TG,D,S,2022,11,21,0,1581.94,2023-11-20
RD,F,J,2022,11,21,0,422.97,2023-11-20
TG,E,J,2022,11,21,0,1681.01,2023-11-20
CR,C,J,2022,11,21,0,0.0,2023-11-20
BC,E,S,2022,11,21,0,2045.46,2023-11-20
CR,A,J,2022,11,21,0,3484.93,2023-11-20
CR,D,J,2022,11,21,0,0.0,2023-11-20
RD,E,S,2022,11,21,0,0.0,2023-11-20
RD,D,S,2022,11,21,0,0.0,2023-11-20
CB,F,J,2022,11,21,0,18.39,2023-11-20
TG,B,S,2022,11,21,0,1519.73,2023-11-20
RD,A,S,2022,11,21,0,0.0,2023-11-20
CR,B,J,2022,11,21,0,0.0,2023-11-20
TG,A,J,2022,11,21,0,1333.71,2023-11-20
TG,C,J,2022,11,21,0,1878.33,2023-11-20
BC,C,S,2022,11,21,0,12.5,2023-11-20
TG,D,J,2022,11,21,0,1498.78,2023-11-20
RD,C,S,2022,11,21,0,0.0,2023-11-20
BC,A,S,2022,11,21,0,2160.15,2023-11-20
BC,B,S,2022,11,21,0,337.5,2023-11-20
CB,A,S,2022,11,21,0,0.0,2023-11-20
CR,E,S,2022,11,21,0,0.0,2023-11-20
BC,E,J,2022,11,21,0,1835.16,2023-11-20
RD,E,J,2022,11,21,0,79.69,2023-11-20
RD,D,J,2022,11,21,0,104.21,2023-11-20
TG,B,J,2022,11,21,0,1526.85,2023-11-20
CB,E,J,2022,11,21,0,0.0,2023-11-20
BC,D,J,2022,11,21,0,1610.5,2023-11-20
RD,A,J,2022,11,21,0,2800.4,2023-11-20
CR,D,S,2022,11,21,0,0.0,2023-11-20
BC,C,J,2022,11,21,0,1457.54,2023-11-20
BC,A,J,2022,11,21,0,2109.82,2023-11-20
TG,E,S,2022,11,21,0,1346.68,2023-11-20
BC,B,J,2022,11,22,1,1153.05,2023-11-21
CB,D,J,2022,11,22,1,0.0,2023-11-21
CB,A,J,2022,11,22,1,359.96,2023-11-21
CR,E,J,2022,11,22,1,0.0,2023-11-21
TG,A,S,2022,11,22,1,1675.07,2023-11-21
TG,C,S,2022,11,22,1,1648.2,2023-11-21
TG,D,S,2022,11,22,1,1363.41,2023-11-21
RD,F,J,2022,11,22,1,273.28,2023-11-21
TG,E,J,2022,11,22,1,1622.79,2023-11-21
CR,C,J,2022,11,22,1,0.0,2023-11-21
BC,E,S,2022,11,22,1,1267.65,2023-11-21
CR,A,J,2022,11,22,1,3367.94,2023-11-21
CR,D,J,2022,11,22,1,0.0,2023-11-21
RD,E,S,2022,11,22,1,0.0,2023-11-21
RD,D,S,2022,11,22,1,0.0,2023-11-21
CB,F,J,2022,11,22,1,37.71,2023-11-21
TG,B,S,2022,11,22,1,1436.82,2023-11-21
RD,A,S,2022,11,22,1,0.0,2023-11-21
CR,B,J,2022,11,22,1,0.0,2023-11-21
TG,A,J,2022,11,22,1,1005.27,2023-11-21
TG,C,J,2022,11,22,1,1712.11,2023-11-21
BC,C,S,2022,11,22,1,0.0,2023-11-21
TG,D,J,2022,11,22,1,1157.77,2023-11-21
RD,C,S,2022,11,22,1,0.0,2023-11-21
BC,A,S,2022,11,22,1,2190.15,2023-11-21
BC,B,S,2022,11,22,1,0.0,2023-11-21
CB,A,S,2022,11,22,1,0.0,2023-11-21
CR,E,S,2022,11,22,1,0.0,2023-11-21
BC,E,J,2022,11,22,1,1845.96,2023-11-21
RD,E,J,2022,11,22,1,107.36,2023-11-21
RD,D,J,2022,11,22,1,82.96,2023-11-21
TG,B,J,2022,11,22,1,1230.03,2023-11-21
CB,E,J,2022,11,22,1,0.0,2023-11-21
BC,D,J,2022,11,22,1,1647.67,2023-11-21
RD,A,J,2022,11,22,1,2407.5,2023-11-21
CR,D,S,2022,11,22,1,0.0,2023-11-21
BC,C,J,2022,11,22,1,1332.05,2023-11-21
BC,A,J,2022,11,22,1,2081.99,2023-11-21
TG,E,S,2022,11,22,1,1244.16,2023-11-21
BC,B,J,2022,11,23,2,1728.27,2023-11-22
CB,D,J,2022,11,23,2,0.0,2023-11-22
CB,A,J,2022,11,23,2,0.0,2023-11-22
CR,E,J,2022,11,23,2,9.24,2023-11-22
TG,A,S,2022,11,23,2,1547.53,2023-11-22
TG,C,S,2022,11,23,2,1874.09,2023-11-22
TG,D,S,2022,11,23,2,1842.72,2023-11-22
RD,F,J,2022,11,23,2,11.99,2023-11-22
TG,E,J,2022,11,23,2,1613.16,2023-11-22
CR,C,J,2022,11,23,2,0.0,2023-11-22
BC,E,S,2022,11,23,2,1804.59,2023-11-22
CR,A,J,2022,11,23,2,1049.61,2023-11-22
CR,D,J,2022,11,23,2,10.77,2023-11-22
RD,E,S,2022,11,23,2,0.0,2023-11-22
RD,D,S,2022,11,23,2,0.0,2023-11-22
CB,F,J,2022,11,23,2,0.0,2023-11-22
TG,B,S,2022,11,23,2,1441.61,2023-11-22
RD,A,S,2022,11,23,2,0.0,2023-11-22
CR,B,J,2022,11,23,2,0.0,2023-11-22
TG,A,J,2022,11,23,2,999.57,2023-11-22
TG,C,J,2022,11,23,2,1856.15,2023-11-22
BC,C,S,2022,11,23,2,0.0,2023-11-22
TG,D,J,2022,11,23,2,1432.57,2023-11-22
RD,C,S,2022,11,23,2,0.0,2023-11-22
BC,A,S,2022,11,23,2,1816.77,2023-11-22
BC,B,S,2022,11,23,2,105.0,2023-11-22
CB,A,S,2022,11,23,2,0.0,2023-11-22
CR,E,S,2022,11,23,2,0.0,2023-11-22
BC,E,J,2022,11,23,2,1638.64,2023-11-22
RD,E,J,2022,11,23,2,0.0,2023-11-22
RD,D,J,2022,11,23,2,0.0,2023-11-22
TG,B,J,2022,11,23,2,1684.03,2023-11-22
CB,E,J,2022,11,23,2,0.0,2023-11-22
BC,D,J,2022,11,23,2,1366.87,2023-11-22
RD,A,J,2022,11,23,2,870.0,2023-11-22
CR,D,S,2022,11,23,2,0.0,2023-11-22
BC,C,J,2022,11,23,2,1388.17,2023-11-22
BC,A,J,2022,11,23,2,1656.33,2023-11-22
TG,E,S,2022,11,23,2,1188.45,2023-11-22
BC,B,J,2022,11,24,3,1474.8,2023-11-23
CB,D,J,2022,11,24,3,0.0,2023-11-23
CB,A,J,2022,11,24,3,75.72,2023-11-23
CR,E,J,2022,11,24,3,0.0,2023-11-23
TG,A,S,2022,11,24,3,1324.61,2023-11-23
TG,C,S,2022,11,24,3,1908.4,2023-11-23
TG,D,S,2022,11,24,3,1770.57,2023-11-23
RD,F,J,2022,11,24,3,337.5,2023-11-23
TG,E,J,2022,11,24,3,1493.86,2023-11-23
CR,C,J,2022,11,24,3,0.0,2023-11-23
BC,E,S,2022,11,24,3,784.65,2023-11-23
CR,A,J,2022,11,24,3,3593.27,2023-11-23
CR,D,J,2022,11,24,3,0.0,2023-11-23
RD,E,S,2022,11,24,3,0.0,2023-11-23
RD,D,S,2022,11,24,3,0.0,2023-11-23
CB,F,J,2022,11,24,3,27.0,2023-11-23
TG,B,S,2022,11,24,3,1525.32,2023-11-23
RD,A,S,2022,11,24,3,0.0,2023-11-23
CR,B,J,2022,11,24,3,0.0,2023-11-23
TG,A,J,2022,11,24,3,910.82,2023-11-23
TG,C,J,2022,11,24,3,1836.15,2023-11-23
BC,C,S,2022,11,24,3,0.0,2023-11-23
TG,D,J,2022,11,24,3,1271.31,2023-11-23
RD,C,S,2022,11,24,3,0.0,2023-11-23
BC,A,S,2022,11,24,3,1797.11,2023-11-23
BC,B,S,2022,11,24,3,0.0,2023-11-23
CB,A,S,2022,11,24,3,0.0,2023-11-23
CR,E,S,2022,11,24,3,0.0,2023-11-23
BC,E,J,2022,11,24,3,1626.89,2023-11-23
RD,E,J,2022,11,24,3,49.5,2023-11-23
RD,D,J,2022,11,24,3,49.5,2023-11-23
TG,B,J,2022,11,24,3,1432.63,2023-11-23
CB,E,J,2022,11,24,3,0.0,2023-11-23
BC,D,J,2022,11,24,3,1531.48,2023-11-23
RD,A,J,2022,11,24,3,2506.33,2023-11-23
CR,D,S,2022,11,24,3,0.0,2023-11-23
BC,C,J,2022,11,24,3,1427.99,2023-11-23
BC,A,J,2022,11,24,3,1838.45,2023-11-23
TG,E,S,2022,11,24,3,1294.27,2023-11-23
BC,B,J,2022,11,25,4,1262.29,2023-11-24
CB,D,J,2022,11,25,4,0.0,2023-11-24
CB,A,J,2022,11,25,4,1047.44,2023-11-24
CR,E,J,2022,11,25,4,0.0,2023-11-24
TG,A,S,2022,11,25,4,1610.64,2023-11-24
TG,C,S,2022,11,25,4,1817.53,2023-11-24
TG,D,S,2022,11,25,4,1891.06,2023-11-24
RD,F,J,2022,11,25,4,0.0,2023-11-24
TG,E,J,2022,11,25,4,1692.29,2023-11-24
CR,C,J,2022,11,25,4,0.0,2023-11-24
BC,E,S,2022,11,25,4,786.19,2023-11-24
CR,A,J,2022,11,25,4,3571.46,2023-11-24
CR,D,J,2022,11,25,4,0.0,2023-11-24
RD,E,S,2022,11,25,4,0.0,2023-11-24
RD,D,S,2022,11,25,4,0.0,2023-11-24
CB,F,J,2022,11,25,4,0.0,2023-11-24
TG,B,S,2022,11,25,4,1596.48,2023-11-24
RD,A,S,2022,11,25,4,0.0,2023-11-24
CR,B,J,2022,11,25,4,0.0,2023-11-24
TG,A,J,2022,11,25,4,1684.7,2023-11-24
TG,C,J,2022,11,25,4,1969.02,2023-11-24
BC,C,S,2022,11,25,4,0.0,2023-11-24
TG,D,J,2022,11,25,4,1286.39,2023-11-24
RD,C,S,2022,11,25,4,0.0,2023-11-24
BC,A,S,2022,11,25,4,1594.2,2023-11-24
BC,B,S,2022,11,25,4,0.0,2023-11-24
CB,A,S,2022,11,25,4,0.0,2023-11-24
CR,E,S,2022,11,25,4,0.0,2023-11-24
BC,E,J,2022,11,25,4,1408.92,2023-11-24
RD,E,J,2022,11,25,4,0.0,2023-11-24
RD,D,J,2022,11,25,4,0.0,2023-11-24
TG,B,J,2022,11,25,4,1822.89,2023-11-24
CB,E,J,2022,11,25,4,0.0,2023-11-24
BC,D,J,2022,11,25,4,1390.41,2023-11-24
RD,A,J,2022,11,25,4,2450.0,2023-11-24
CR,D,S,2022,11,25,4,0.0,2023-11-24
BC,C,J,2022,11,25,4,1661.83,2023-11-24
BC,A,J,2022,11,25,4,1485.88,2023-11-24
TG,E,S,2022,11,25,4,1525.91,2023-11-24
BC,B,J,2022,11,26,5,1538.86,2023-11-25
CB,D,J,2022,11,26,5,0.0,2023-11-25
CB,A,J,2022,11,26,5,321.41,2023-11-25
CR,E,J,2022,11,26,5,0.0,2023-11-25
TG,A,S,2022,11,26,5,2004.17,2023-11-25
TG,C,S,2022,11,26,5,1641.72,2023-11-25
TG,D,S,2022,11,26,5,1696.38,2023-11-25
RD,F,J,2022,11,26,5,372.96,2023-11-25
TG,E,J,2022,11,26,5,1621.86,2023-11-25
CR,C,J,2022,11,26,5,0.0,2023-11-25
BC,E,S,2022,11,26,5,672.17,2023-11-25
CR,A,J,2022,11,26,5,30.72,2023-11-25
CR,D,J,2022,11,26,5,0.0,2023-11-25
RD,E,S,2022,11,26,5,0.0,2023-11-25
RD,D,S,2022,11,26,5,0.0,2023-11-25
CB,F,J,2022,11,26,5,374.0,2023-11-25
TG,B,S,2022,11,26,5,1713.69,2023-11-25
RD,A,S,2022,11,26,5,0.0,2023-11-25
CR,B,J,2022,11,26,5,0.0,2023-11-25
TG,A,J,2022,11,26,5,1421.02,2023-11-25
TG,C,J,2022,11,26,5,2033.4,2023-11-25
BC,C,S,2022,11,26,5,0.0,2023-11-25
TG,D,J,2022,11,26,5,1485.34,2023-11-25
RD,C,S,2022,11,26,5,0.0,2023-11-25
BC,A,S,2022,11,26,5,1462.5,2023-11-25
BC,B,S,2022,11,26,5,0.0,2023-11-25
CB,A,S,2022,11,26,5,0.0,2023-11-25
CR,E,S,2022,11,26,5,10.99,2023-11-25
BC,E,J,2022,11,26,5,1517.82,2023-11-25
RD,E,J,2022,11,26,5,113.96,2023-11-25
RD,D,J,2022,11,26,5,88.06,2023-11-25
TG,B,J,2022,11,26,5,1531.71,2023-11-25
CB,E,J,2022,11,26,5,0.0,2023-11-25
BC,D,J,2022,11,26,5,1449.7,2023-11-25
RD,A,J,2022,11,26,5,37.74,2023-11-25
CR,D,S,2022,11,26,5,0.0,2023-11-25
BC,C,J,2022,11,26,5,1393.01,2023-11-25
BC,A,J,2022,11,26,5,1461.9,2023-11-25
TG,E,S,2022,11,26,5,1398.6,2023-11-25
BC,B,J,2022,11,27,6,0.0,2023-11-26
CB,D,J,2022,11,27,6,0.0,2023-11-26
CB,A,J,2022,11,27,6,0.0,2023-11-26
CR,E,J,2022,11,27,6,0.0,2023-11-26
TG,A,S,2022,11,27,6,0.0,2023-11-26
TG,C,S,2022,11,27,6,0.0,2023-11-26
TG,D,S,2022,11,27,6,0.0,2023-11-26
RD,F,J,2022,11,27,6,0.0,2023-11-26
TG,E,J,2022,11,27,6,0.0,2023-11-26
CR,C,J,2022,11,27,6,0.0,2023-11-26
BC,E,S,2022,11,27,6,0.0,2023-11-26
CR,A,J,2022,11,27,6,0.0,2023-11-26
CR,D,J,2022,11,27,6,0.0,2023-11-26
RD,E,S,2022,11,27,6,4.4,2023-11-26
RD,D,S,2022,11,27,6,4.4,2023-11-26
CB,F,J,2022,11,27,6,0.0,2023-11-26
TG,B,S,2022,11,27,6,0.0,2023-11-26
RD,A,S,2022,11,27,6,4.4,2023-11-26
CR,B,J,2022,11,27,6,0.0,2023-11-26
TG,A,J,2022,11,27,6,0.0,2023-11-26
TG,C,J,2022,11,27,6,0.0,2023-11-26
BC,C,S,2022,11,27,6,0.0,2023-11-26
TG,D,J,2022,11,27,6,0.0,2023-11-26
RD,C,S,2022,11,27,6,0.0,2023-11-26
BC,A,S,2022,11,27,6,0.0,2023-11-26
BC,B,S,2022,11,27,6,0.0,2023-11-26
CB,A,S,2022,11,27,6,0.0,2023-11-26
CR,E,S,2022,11,27,6,0.0,2023-11-26
BC,E,J,2022,11,27,6,0.0,2023-11-26
RD,E,J,2022,11,27,6,0.0,2023-11-26
RD,D,J,2022,11,27,6,0.0,2023-11-26
TG,B,J,2022,11,27,6,0.0,2023-11-26
CB,E,J,2022,11,27,6,0.0,2023-11-26
BC,D,J,2022,11,27,6,0.0,2023-11-26
RD,A,J,2022,11,27,6,0.0,2023-11-26
CR,D,S,2022,11,27,6,0.0,2023-11-26
BC,C,J,2022,11,27,6,0.0,2023-11-26
BC,A,J,2022,11,27,6,0.0,2023-11-26
TG,E,S,2022,11,27,6,0.0,2023-11-26
BC,B,J,2022,11,28,0,1416.06,2023-11-27
CB,D,J,2022,11,28,0,127.44,2023-11-27
CB,A,J,2022,11,28,0,162.75,2023-11-27
CR,E,J,2022,11,28,0,169.92,2023-11-27
TG,A,S,2022,11,28,0,1949.41,2023-11-27
TG,C,S,2022,11,28,0,1945.96,2023-11-27
TG,D,S,2022,11,28,0,1672.0,2023-11-27
RD,F,J,2022,11,28,0,36.78,2023-11-27
TG,E,J,2022,11,28,0,1762.73,2023-11-27
CR,C,J,2022,11,28,0,42.48,2023-11-27
BC,E,S,2022,11,28,0,1369.19,2023-11-27
CR,A,J,2022,11,28,0,3597.86,2023-11-27
CR,D,J,2022,11,28,0,0.0,2023-11-27
RD,E,S,2022,11,28,0,0.0,2023-11-27
RD,D,S,2022,11,28,0,0.0,2023-11-27
CB,F,J,2022,11,28,0,0.0,2023-11-27
TG,B,S,2022,11,28,0,1576.32,2023-11-27
RD,A,S,2022,11,28,0,0.0,2023-11-27
CR,B,J,2022,11,28,0,42.48,2023-11-27
TG,A,J,2022,11,28,0,1785.32,2023-11-27
TG,C,J,2022,11,28,0,2003.99,2023-11-27
BC,C,S,2022,11,28,0,0.0,2023-11-27
TG,D,J,2022,11,28,0,1632.02,2023-11-27
RD,C,S,2022,11,28,0,0.0,2023-11-27
BC,A,S,2022,11,28,0,1728.97,2023-11-27
BC,B,S,2022,11,28,0,131.2,2023-11-27
CB,A,S,2022,11,28,0,0.0,2023-11-27
CR,E,S,2022,11,28,0,0.0,2023-11-27
BC,E,J,2022,11,28,0,1527.81,2023-11-27
RD,E,J,2022,11,28,0,31.86,2023-11-27
RD,D,J,2022,11,28,0,0.0,2023-11-27
TG,B,J,2022,11,28,0,1641.82,2023-11-27
CB,E,J,2022,11,28,0,584.1,2023-11-27
BC,D,J,2022,11,28,0,1481.78,2023-11-27
RD,A,J,2022,11,28,0,2664.78,2023-11-27
CR,D,S,2022,11,28,0,0.0,2023-11-27
BC,C,J,2022,11,28,0,1377.1,2023-11-27
BC,A,J,2022,11,28,0,1625.65,2023-11-27
TG,E,S,2022,11,28,0,1390.54,2023-11-27
BC,B,J,2022,11,29,1,1114.41,2023-11-28
CB,D,J,2022,11,29,1,0.0,2023-11-28
CB,A,J,2022,11,29,1,844.68,2023-11-28
CR,E,J,2022,11,29,1,24.58,2023-11-28
TG,A,S,2022,11,29,1,1791.96,2023-11-28
TG,C,S,2022,11,29,1,1641.33,2023-11-28
TG,D,S,2022,11,29,1,1634.66,2023-11-28
RD,F,J,2022,11,29,1,4.88,2023-11-28
TG,E,J,2022,11,29,1,1790.79,2023-11-28
CR,C,J,2022,11,29,1,12.29,2023-11-28
BC,E,S,2022,11,29,1,1810.7,2023-11-28
CR,A,J,2022,11,29,1,3395.06,2023-11-28
CR,D,J,2022,11,29,1,12.29,2023-11-28
RD,E,S,2022,11,29,1,0.0,2023-11-28
RD,D,S,2022,11,29,1,0.0,2023-11-28
CB,F,J,2022,11,29,1,3.55,2023-11-28
TG,B,S,2022,11,29,1,1565.36,2023-11-28
RD,A,S,2022,11,29,1,0.0,2023-11-28
CR,B,J,2022,11,29,1,0.0,2023-11-28
TG,A,J,2022,11,29,1,1246.37,2023-11-28
TG,C,J,2022,11,29,1,1793.74,2023-11-28
BC,C,S,2022,11,29,1,0.0,2023-11-28
TG,D,J,2022,11,29,1,1710.71,2023-11-28
RD,C,S,2022,11,29,1,0.0,2023-11-28
BC,A,S,2022,11,29,1,1645.12,2023-11-28
BC,B,S,2022,11,29,1,0.0,2023-11-28
CB,A,S,2022,11,29,1,0.0,2023-11-28
CR,E,S,2022,11,29,1,0.0,2023-11-28
BC,E,J,2022,11,29,1,1497.43,2023-11-28
RD,E,J,2022,11,29,1,11.5,2023-11-28
RD,D,J,2022,11,29,1,0.0,2023-11-28
TG,B,J,2022,11,29,1,1658.25,2023-11-28
CB,E,J,2022,11,29,1,11.5,2023-11-28
BC,D,J,2022,11,29,1,1441.48,2023-11-28
RD,A,J,2022,11,29,1,2442.5,2023-11-28
CR,D,S,2022,11,29,1,0.0,2023-11-28
BC,C,J,2022,11,29,1,1277.71,2023-11-28
BC,A,J,2022,11,29,1,1584.77,2023-11-28
TG,E,S,2022,11,29,1,1272.93,2023-11-28
BC,B,J,2022,11,30,2,1321.99,2023-11-29
CB,D,J,2022,11,30,2,0.0,2023-11-29
CB,A,J,2022,11,30,2,0.0,2023-11-29
CR,E,J,2022,11,30,2,0.0,2023-11-29
TG,A,S,2022,11,30,2,1729.51,2023-11-29
TG,C,S,2022,11,30,2,1685.75,2023-11-29
TG,D,S,2022,11,30,2,1593.95,2023-11-29
RD,F,J,2022,11,30,2,442.65,2023-11-29
TG,E,J,2022,11,30,2,1567.69,2023-11-29
CR,C,J,2022,11,30,2,0.0,2023-11-29
BC,E,S,2022,11,30,2,1500.89,2023-11-29
CR,A,J,2022,11,30,2,3191.03,2023-11-29
CR,D,J,2022,11,30,2,0.0,2023-11-29
RD,E,S,2022,11,30,2,31.65,2023-11-29
RD,D,S,2022,11,30,2,26.4,2023-11-29
CB,F,J,2022,11,30,2,180.29,2023-11-29
TG,B,S,2022,11,30,2,1595.47,2023-11-29
RD,A,S,2022,11,30,2,36.85,2023-11-29
CR,B,J,2022,11,30,2,0.0,2023-11-29
TG,A,J,2022,11,30,2,1114.62,2023-11-29
TG,C,J,2022,11,30,2,1809.97,2023-11-29
BC,C,S,2022,11,30,2,187.5,2023-11-29
TG,D,J,2022,11,30,2,1637.71,2023-11-29
RD,C,S,2022,11,30,2,0.0,2023-11-29
BC,A,S,2022,11,30,2,1798.94,2023-11-29
BC,B,S,2022,11,30,2,0.0,2023-11-29
CB,A,S,2022,11,30,2,0.0,2023-11-29
CR,E,S,2022,11,30,2,0.0,2023-11-29
BC,E,J,2022,11,30,2,1549.66,2023-11-29
RD,E,J,2022,11,30,2,190.68,2023-11-29
RD,D,J,2022,11,30,2,108.96,2023-11-29
TG,B,J,2022,11,30,2,1625.4,2023-11-29
CB,E,J,2022,11,30,2,0.0,2023-11-29
BC,D,J,2022,11,30,2,1513.92,2023-11-29
RD,A,J,2022,11,30,2,2675.0,2023-11-29
CR,D,S,2022,11,30,2,0.0,2023-11-29
BC,C,J,2022,11,30,2,1242.61,2023-11-29
BC,A,J,2022,11,30,2,1657.51,2023-11-29
TG,E,S,2022,11,30,2,1203.11,2023-11-29
BC,B,J,2022,12,1,3,1831.13,2023-11-30
CB,D,J,2022,12,1,3,0.0,2023-11-30
CB,A,J,2022,12,1,3,978.03,2023-11-30
CR,E,J,2022,12,1,3,431.11,2023-11-30
TG,A,S,2022,12,1,3,1985.63,2023-11-30
TG,C,S,2022,12,1,3,1641.59,2023-11-30
TG,D,S,2022,12,1,3,1652.43,2023-11-30
RD,F,J,2022,12,1,3,655.44,2023-11-30
TG,E,J,2022,12,1,3,1311.66,2023-11-30
CR,C,J,2022,12,1,3,0.0,2023-11-30
BC,E,S,2022,12,1,3,775.36,2023-11-30
CR,A,J,2022,12,1,3,2718.24,2023-11-30
CR,D,J,2022,12,1,3,386.92,2023-11-30
RD,E,S,2022,12,1,3,6.37,2023-11-30
RD,D,S,2022,12,1,3,233.87,2023-11-30
CB,F,J,2022,12,1,3,170.47,2023-11-30
TG,B,S,2022,12,1,3,1474.56,2023-11-30
RD,A,S,2022,12,1,3,425.11,2023-11-30
CR,B,J,2022,12,1,3,230.07,2023-11-30
TG,A,J,2022,12,1,3,1891.27,2023-11-30
TG,C,J,2022,12,1,3,1680.15,2023-11-30
BC,C,S,2022,12,1,3,0.0,2023-11-30
TG,D,J,2022,12,1,3,1390.17,2023-11-30
RD,C,S,2022,12,1,3,0.0,2023-11-30
BC,A,S,2022,12,1,3,2029.51,2023-11-30
BC,B,S,2022,12,1,3,0.0,2023-11-30
CB,A,S,2022,12,1,3,0.0,2023-11-30
CR,E,S,2022,12,1,3,0.0,2023-11-30
BC,E,J,2022,12,1,3,1902.59,2023-11-30
RD,E,J,2022,12,1,3,18.58,2023-11-30
RD,D,J,2022,12,1,3,18.45,2023-11-30
TG,B,J,2022,12,1,3,1126.36,2023-11-30
CB,E,J,2022,12,1,3,0.0,2023-11-30
BC,D,J,2022,12,1,3,2042.82,2023-11-30
RD,A,J,2022,12,1,3,497.95,2023-11-30
CR,D,S,2022,12,1,3,0.0,2023-11-30
BC,C,J,2022,12,1,3,1798.52,2023-11-30
BC,A,J,2022,12,1,3,1998.9,2023-11-30
TG,E,S,2022,12,1,3,1426.69,2023-11-30
BC,B,J,2022,12,2,4,1717.49,2023-12-01
CB,D,J,2022,12,2,4,0.0,2023-12-01
CB,A,J,2022,12,2,4,1414.4,2023-12-01
CR,E,J,2022,12,2,4,397.13,2023-12-01
TG,A,S,2022,12,2,4,1851.81,2023-12-01
TG,C,S,2022,12,2,4,1688.68,2023-12-01
TG,D,S,2022,12,2,4,1464.87,2023-12-01
RD,F,J,2022,12,2,4,657.45,2023-12-01
TG,E,J,2022,12,2,4,1577.27,2023-12-01
CR,C,J,2022,12,2,4,56.56,2023-12-01
BC,E,S,2022,12,2,4,2363.86,2023-12-01
CR,A,J,2022,12,2,4,2842.89,2023-12-01
CR,D,J,2022,12,2,4,346.37,2023-12-01
RD,E,S,2022,12,2,4,4.58,2023-12-01
RD,D,S,2022,12,2,4,111.4,2023-12-01
CB,F,J,2022,12,2,4,158.62,2023-12-01
TG,B,S,2022,12,2,4,1498.73,2023-12-01
RD,A,S,2022,12,2,4,77.97,2023-12-01
CR,B,J,2022,12,2,4,211.22,2023-12-01
TG,A,J,2022,12,2,4,1340.49,2023-12-01
TG,C,J,2022,12,2,4,1783.97,2023-12-01
BC,C,S,2022,12,2,4,21.25,2023-12-01
TG,D,J,2022,12,2,4,1543.61,2023-12-01
RD,C,S,2022,12,2,4,0.0,2023-12-01
BC,A,S,2022,12,2,4,2444.82,2023-12-01
BC,B,S,2022,12,2,4,297.5,2023-12-01
CB,A,S,2022,12,2,4,0.0,2023-12-01
CR,E,S,2022,12,2,4,0.0,2023-12-01
BC,E,J,2022,12,2,4,1873.57,2023-12-01
RD,E,J,2022,12,2,4,21.53,2023-12-01
RD,D,J,2022,12,2,4,14.35,2023-12-01
TG,B,J,2022,12,2,4,1141.97,2023-12-01
CB,E,J,2022,12,2,4,0.0,2023-12-01
BC,D,J,2022,12,2,4,1825.81,2023-12-01
RD,A,J,2022,12,2,4,1829.36,2023-12-01
CR,D,S,2022,12,2,4,0.0,2023-12-01
BC,C,J,2022,12,2,4,1475.16,2023-12-01
BC,A,J,2022,12,2,4,1872.55,2023-12-01
TG,E,S,2022,12,2,4,1301.87,2023-12-01
BC,B,J,2022,12,3,5,1562.54,2023-12-02
CB,D,J,2022,12,3,5,0.0,2023-12-02
CB,A,J,2022,12,3,5,749.5,2023-12-02
CR,E,J,2022,12,3,5,0.0,2023-12-02
TG,A,S,2022,12,3,5,1820.59,2023-12-02
TG,C,S,2022,12,3,5,1595.61,2023-12-02
TG,D,S,2022,12,3,5,1486.29,2023-12-02
RD,F,J,2022,12,3,5,625.1,2023-12-02
TG,E,J,2022,12,3,5,1503.44,2023-12-02
CR,C,J,2022,12,3,5,0.0,2023-12-02
BC,E,S,2022,12,3,5,1923.54,2023-12-02
CR,A,J,2022,12,3,5,19.64,2023-12-02
CR,D,J,2022,12,3,5,138.28,2023-12-02
RD,E,S,2022,12,3,5,0.0,2023-12-02
RD,D,S,2022,12,3,5,37.72,2023-12-02
CB,F,J,2022,12,3,5,107.35,2023-12-02
TG,B,S,2022,12,3,5,1439.01,2023-12-02
RD,A,S,2022,12,3,5,77.62,2023-12-02
CR,B,J,2022,12,3,5,0.0,2023-12-02
TG,A,J,2022,12,3,5,1252.79,2023-12-02
TG,C,J,2022,12,3,5,1823.97,2023-12-02
BC,C,S,2022,12,3,5,0.0,2023-12-02
TG,D,J,2022,12,3,5,1293.39,2023-12-02
RD,C,S,2022,12,3,5,0.0,2023-12-02
BC,A,S,2022,12,3,5,2169.19,2023-12-02
BC,B,S,2022,12,3,5,0.0,2023-12-02
CB,A,S,2022,12,3,5,0.0,2023-12-02
CR,E,S,2022,12,3,5,0.0,2023-12-02
BC,E,J,2022,12,3,5,1701.82,2023-12-02
RD,E,J,2022,12,3,5,6.5,2023-12-02
RD,D,J,2022,12,3,5,0.0,2023-12-02
TG,B,J,2022,12,3,5,1325.36,2023-12-02
CB,E,J,2022,12,3,5,11.19,2023-12-02
BC,D,J,2022,12,3,5,1589.29,2023-12-02
RD,A,J,2022,12,3,5,98.57,2023-12-02
CR,D,S,2022,12,3,5,0.0,2023-12-02
BC,C,J,2022,12,3,5,1402.51,2023-12-02
BC,A,J,2022,12,3,5,2116.32,2023-12-02
TG,E,S,2022,12,3,5,1316.11,2023-12-02
BC,B,J,2022,12,4,6,0.0,2023-12-03
CB,D,J,2022,12,4,6,0.0,2023-12-03
CB,A,J,2022,12,4,6,0.0,2023-12-03
CR,E,J,2022,12,4,6,0.0,2023-12-03
TG,A,S,2022,12,4,6,0.0,2023-12-03
TG,C,S,2022,12,4,6,0.0,2023-12-03
TG,D,S,2022,12,4,6,0.0,2023-12-03
RD,F,J,2022,12,4,6,0.0,2023-12-03
TG,E,J,2022,12,4,6,0.0,2023-12-03
CR,C,J,2022,12,4,6,0.0,2023-12-03
BC,E,S,2022,12,4,6,0.0,2023-12-03
CR,A,J,2022,12,4,6,0.0,2023-12-03
CR,D,J,2022,12,4,6,0.0,2023-12-03
RD,E,S,2022,12,4,6,0.0,2023-12-03
RD,D,S,2022,12,4,6,0.0,2023-12-03
CB,F,J,2022,12,4,6,0.0,2023-12-03
TG,B,S,2022,12,4,6,0.0,2023-12-03
RD,A,S,2022,12,4,6,0.0,2023-12-03
CR,B,J,2022,12,4,6,0.0,2023-12-03
TG,A,J,2022,12,4,6,0.0,2023-12-03
TG,C,J,2022,12,4,6,0.0,2023-12-03
BC,C,S,2022,12,4,6,0.0,2023-12-03
TG,D,J,2022,12,4,6,0.0,2023-12-03
RD,C,S,2022,12,4,6,0.0,2023-12-03
BC,A,S,2022,12,4,6,0.0,2023-12-03
BC,B,S,2022,12,4,6,0.0,2023-12-03
CB,A,S,2022,12,4,6,0.0,2023-12-03
CR,E,S,2022,12,4,6,0.0,2023-12-03
BC,E,J,2022,12,4,6,0.0,2023-12-03
RD,E,J,2022,12,4,6,0.0,2023-12-03
RD,D,J,2022,12,4,6,0.0,2023-12-03
TG,B,J,2022,12,4,6,0.0,2023-12-03
CB,E,J,2022,12,4,6,0.0,2023-12-03
BC,D,J,2022,12,4,6,0.0,2023-12-03
RD,A,J,2022,12,4,6,0.0,2023-12-03
CR,D,S,2022,12,4,6,0.0,2023-12-03
BC,C,J,2022,12,4,6,0.0,2023-12-03
BC,A,J,2022,12,4,6,0.0,2023-12-03
TG,E,S,2022,12,4,6,0.0,2023-12-03
BC,B,J,2022,12,5,0,1602.93,2023-12-04
CB,D,J,2022,12,5,0,56.97,2023-12-04
CB,A,J,2022,12,5,0,1111.56,2023-12-04
CR,E,J,2022,12,5,0,1717.08,2023-12-04
TG,A,S,2022,12,5,0,2186.38,2023-12-04
TG,C,S,2022,12,5,0,2020.92,2023-12-04
TG,D,S,2022,12,5,0,1866.77,2023-12-04
RD,F,J,2022,12,5,0,550.28,2023-12-04
TG,E,J,2022,12,5,0,1869.87,2023-12-04
CR,C,J,2022,12,5,0,0.0,2023-12-04
BC,E,S,2022,12,5,0,1629.15,2023-12-04
CR,A,J,2022,12,5,0,2851.52,2023-12-04
CR,D,J,2022,12,5,0,512.81,2023-12-04
RD,E,S,2022,12,5,0,0.0,2023-12-04
RD,D,S,2022,12,5,0,205.82,2023-12-04
CB,F,J,2022,12,5,0,160.1,2023-12-04
TG,B,S,2022,12,5,0,1708.64,2023-12-04
RD,A,S,2022,12,5,0,330.47,2023-12-04
CR,B,J,2022,12,5,0,179.6,2023-12-04
TG,A,J,2022,12,5,0,1760.17,2023-12-04
TG,C,J,2022,12,5,0,1833.59,2023-12-04
BC,C,S,2022,12,5,0,0.0,2023-12-04
TG,D,J,2022,12,5,0,1819.64,2023-12-04
RD,C,S,2022,12,5,0,0.0,2023-12-04
BC,A,S,2022,12,5,0,1872.22,2023-12-04
BC,B,S,2022,12,5,0,0.0,2023-12-04
CB,A,S,2022,12,5,0,0.0,2023-12-04
CR,E,S,2022,12,5,0,0.0,2023-12-04
BC,E,J,2022,12,5,0,1456.83,2023-12-04
RD,E,J,2022,12,5,0,392.04,2023-12-04
RD,D,J,2022,12,5,0,144.66,2023-12-04
TG,B,J,2022,12,5,0,1356.12,2023-12-04
CB,E,J,2022,12,5,0,196.91,2023-12-04
BC,D,J,2022,12,5,0,1347.56,2023-12-04
RD,A,J,2022,12,5,0,1736.81,2023-12-04
CR,D,S,2022,12,5,0,0.0,2023-12-04
BC,C,J,2022,12,5,0,1522.77,2023-12-04
BC,A,J,2022,12,5,0,1834.98,2023-12-04
TG,E,S,2022,12,5,0,1403.06,2023-12-04
BC,B,J,2022,12,6,1,1635.07,2023-12-05
CB,D,J,2022,12,6,1,0.0,2023-12-05
CB,A,J,2022,12,6,1,991.06,2023-12-05
CR,E,J,2022,12,6,1,1625.89,2023-12-05
TG,A,S,2022,12,6,1,1961.93,2023-12-05
TG,C,S,2022,12,6,1,2091.31,2023-12-05
TG,D,S,2022,12,6,1,1896.2,2023-12-05
RD,F,J,2022,12,6,1,522.08,2023-12-05
TG,E,J,2022,12,6,1,1749.35,2023-12-05
CR,C,J,2022,12,6,1,0.0,2023-12-05
BC,E,S,2022,12,6,1,842.39,2023-12-05
CR,A,J,2022,12,6,1,2710.06,2023-12-05
CR,D,J,2022,12,6,1,510.48,2023-12-05
RD,E,S,2022,12,6,1,439.53,2023-12-05
RD,D,S,2022,12,6,1,193.7,2023-12-05
CB,F,J,2022,12,6,1,313.89,2023-12-05
TG,B,S,2022,12,6,1,1739.42,2023-12-05
RD,A,S,2022,12,6,1,527.29,2023-12-05
CR,B,J,2022,12,6,1,298.79,2023-12-05
TG,A,J,2022,12,6,1,1711.17,2023-12-05
TG,C,J,2022,12,6,1,1804.38,2023-12-05
BC,C,S,2022,12,6,1,0.0,2023-12-05
TG,D,J,2022,12,6,1,1698.46,2023-12-05
RD,C,S,2022,12,6,1,0.0,2023-12-05
BC,A,S,2022,12,6,1,1647.53,2023-12-05
BC,B,S,2022,12,6,1,0.0,2023-12-05
CB,A,S,2022,12,6,1,0.0,2023-12-05
CR,E,S,2022,12,6,1,0.0,2023-12-05
BC,E,J,2022,12,6,1,1377.61,2023-12-05
RD,E,J,2022,12,6,1,18.42,2023-12-05
RD,D,J,2022,12,6,1,6.14,2023-12-05
TG,B,J,2022,12,6,1,1483.55,2023-12-05
CB,E,J,2022,12,6,1,0.0,2023-12-05
BC,D,J,2022,12,6,1,1459.24,2023-12-05
RD,A,J,2022,12,6,1,743.17,2023-12-05
CR,D,S,2022,12,6,1,0.0,2023-12-05
BC,C,J,2022,12,6,1,1323.57,2023-12-05
BC,A,J,2022,12,6,1,1538.19,2023-12-05
TG,E,S,2022,12,6,1,1809.1,2023-12-05
BC,B,J,2022,12,7,2,1595.71,2023-12-06
CB,D,J,2022,12,7,2,0.0,2023-12-06
CB,A,J,2022,12,7,2,1167.5,2023-12-06
CR,E,J,2022,12,7,2,1739.76,2023-12-06
TG,A,S,2022,12,7,2,1959.4,2023-12-06
TG,C,S,2022,12,7,2,2227.76,2023-12-06
TG,D,S,2022,12,7,2,1936.74,2023-12-06
RD,F,J,2022,12,7,2,489.75,2023-12-06
TG,E,J,2022,12,7,2,1809.7,2023-12-06
CR,C,J,2022,12,7,2,21.58,2023-12-06
BC,E,S,2022,12,7,2,1526.51,2023-12-06
CR,A,J,2022,12,7,2,2787.1,2023-12-06
CR,D,J,2022,12,7,2,462.11,2023-12-06
RD,E,S,2022,12,7,2,378.0,2023-12-06
RD,D,S,2022,12,7,2,184.04,2023-12-06
CB,F,J,2022,12,7,2,107.55,2023-12-06
TG,B,S,2022,12,7,2,1782.27,2023-12-06
RD,A,S,2022,12,7,2,389.25,2023-12-06
CR,B,J,2022,12,7,2,179.3,2023-12-06
TG,A,J,2022,12,7,2,1657.7,2023-12-06
TG,C,J,2022,12,7,2,1548.42,2023-12-06
BC,C,S,2022,12,7,2,0.0,2023-12-06
TG,D,J,2022,12,7,2,1751.84,2023-12-06
RD,C,S,2022,12,7,2,0.0,2023-12-06
BC,A,S,2022,12,7,2,1587.08,2023-12-06
BC,B,S,2022,12,7,2,0.0,2023-12-06
CB,A,S,2022,12,7,2,0.0,2023-12-06
CR,E,S,2022,12,7,2,0.0,2023-12-06
BC,E,J,2022,12,7,2,1403.8,2023-12-06
RD,E,J,2022,12,7,2,17.99,2023-12-06
RD,D,J,2022,12,7,2,20.05,2023-12-06
TG,B,J,2022,12,7,2,1494.05,2023-12-06
CB,E,J,2022,12,7,2,0.0,2023-12-06
BC,D,J,2022,12,7,2,1330.84,2023-12-06
RD,A,J,2022,12,7,2,1758.98,2023-12-06
CR,D,S,2022,12,7,2,0.0,2023-12-06
BC,C,J,2022,12,7,2,1368.39,2023-12-06
BC,A,J,2022,12,7,2,1500.82,2023-12-06
TG,E,S,2022,12,7,2,1726.52,2023-12-06
BC,B,J,2022,12,8,3,1589.3,2023-12-07
CB,D,J,2022,12,8,3,49.3,2023-12-07
CB,A,J,2022,12,8,3,1109.44,2023-12-07
CR,E,J,2022,12,8,3,1867.54,2023-12-07
TG,A,S,2022,12,8,3,2192.73,2023-12-07
TG,C,S,2022,12,8,3,2143.41,2023-12-07
TG,D,S,2022,12,8,3,2050.66,2023-12-07
RD,F,J,2022,12,8,3,515.43,2023-12-07
TG,E,J,2022,12,8,3,1910.55,2023-12-07
CR,C,J,2022,12,8,3,19.65,2023-12-07
BC,E,S,2022,12,8,3,1527.1,2023-12-07
CR,A,J,2022,12,8,3,2914.9,2023-12-07
CR,D,J,2022,12,8,3,1756.44,2023-12-07
RD,E,S,2022,12,8,3,0.0,2023-12-07
RD,D,S,2022,12,8,3,227.28,2023-12-07
CB,F,J,2022,12,8,3,162.84,2023-12-07
TG,B,S,2022,12,8,3,1798.65,2023-12-07
RD,A,S,2022,12,8,3,493.69,2023-12-07
CR,B,J,2022,12,8,3,616.89,2023-12-07
TG,A,J,2022,12,8,3,1664.76,2023-12-07
TG,C,J,2022,12,8,3,2108.61,2023-12-07
BC,C,S,2022,12,8,3,0.0,2023-12-07
TG,D,J,2022,12,8,3,1759.35,2023-12-07
RD,C,S,2022,12,8,3,0.0,2023-12-07
BC,A,S,2022,12,8,3,1801.36,2023-12-07
BC,B,S,2022,12,8,3,0.0,2023-12-07
CB,A,S,2022,12,8,3,0.0,2023-12-07
CR,E,S,2022,12,8,3,79.84,2023-12-07
BC,E,J,2022,12,8,3,1511.32,2023-12-07
RD,E,J,2022,12,8,3,55.73,2023-12-07
RD,D,J,2022,12,8,3,101.92,2023-12-07
TG,B,J,2022,12,8,3,1533.23,2023-12-07
CB,E,J,2022,12,8,3,10.0,2023-12-07
BC,D,J,2022,12,8,3,1433.88,2023-12-07
RD,A,J,2022,12,8,3,582.44,2023-12-07
CR,D,S,2022,12,8,3,0.0,2023-12-07
BC,C,J,2022,12,8,3,1729.37,2023-12-07
BC,A,J,2022,12,8,3,1650.15,2023-12-07
TG,E,S,2022,12,8,3,1592.65,2023-12-07
BC,B,J,2022,12,9,4,1885.93,2023-12-08
CB,D,J,2022,12,9,4,0.0,2023-12-08
CB,A,J,2022,12,9,4,1192.91,2023-12-08
CR,E,J,2022,12,9,4,1898.84,2023-12-08
TG,A,S,2022,12,9,4,1997.08,2023-12-08
TG,C,S,2022,12,9,4,2089.05,2023-12-08
TG,D,S,2022,12,9,4,1871.62,2023-12-08
RD,F,J,2022,12,9,4,472.0,2023-12-08
TG,E,J,2022,12,9,4,1873.53,2023-12-08
CR,C,J,2022,12,9,4,226.08,2023-12-08
BC,E,S,2022,12,9,4,2380.06,2023-12-08
CR,A,J,2022,12,9,4,2651.34,2023-12-08
CR,D,J,2022,12,9,4,1819.37,2023-12-08
RD,E,S,2022,12,9,4,301.3,2023-12-08
RD,D,S,2022,12,9,4,440.25,2023-12-08
CB,F,J,2022,12,9,4,129.83,2023-12-08
TG,B,S,2022,12,9,4,1812.13,2023-12-08
RD,A,S,2022,12,9,4,515.95,2023-12-08
CR,B,J,2022,12,9,4,1011.61,2023-12-08
TG,A,J,2022,12,9,4,1702.05,2023-12-08
TG,C,J,2022,12,9,4,1988.65,2023-12-08
BC,C,S,2022,12,9,4,23.75,2023-12-08
TG,D,J,2022,12,9,4,1658.01,2023-12-08
RD,C,S,2022,12,9,4,0.0,2023-12-08
BC,A,S,2022,12,9,4,2390.31,2023-12-08
BC,B,S,2022,12,9,4,261.25,2023-12-08
CB,A,S,2022,12,9,4,0.0,2023-12-08
CR,E,S,2022,12,9,4,0.0,2023-12-08
BC,E,J,2022,12,9,4,1853.18,2023-12-08
RD,E,J,2022,12,9,4,6.7,2023-12-08
RD,D,J,2022,12,9,4,0.0,2023-12-08
TG,B,J,2022,12,9,4,1569.42,2023-12-08
CB,E,J,2022,12,9,4,0.0,2023-12-08
BC,D,J,2022,12,9,4,1939.98,2023-12-08
RD,A,J,2022,12,9,4,616.91,2023-12-08
CR,D,S,2022,12,9,4,0.0,2023-12-08
BC,C,J,2022,12,9,4,609.65,2023-12-08
BC,A,J,2022,12,9,4,1881.04,2023-12-08
TG,E,S,2022,12,9,4,1625.75,2023-12-08
BC,B,J,2022,12,10,5,2200.65,2023-12-09
CB,D,J,2022,12,10,5,0.0,2023-12-09
CB,A,J,2022,12,10,5,832.5,2023-12-09
CR,E,J,2022,12,10,5,19.25,2023-12-09
TG,A,S,2022,12,10,5,2148.45,2023-12-09
TG,C,S,2022,12,10,5,2021.44,2023-12-09
TG,D,S,2022,12,10,5,1958.82,2023-12-09
RD,F,J,2022,12,10,5,447.8,2023-12-09
TG,E,J,2022,12,10,5,1764.57,2023-12-09
CR,C,J,2022,12,10,5,0.0,2023-12-09
BC,E,S,2022,12,10,5,2013.86,2023-12-09
CR,A,J,2022,12,10,5,1206.28,2023-12-09
CR,D,J,2022,12,10,5,209.24,2023-12-09
RD,E,S,2022,12,10,5,0.0,2023-12-09
RD,D,S,2022,12,10,5,261.02,2023-12-09
CB,F,J,2022,12,10,5,80.85,2023-12-09
TG,B,S,2022,12,10,5,1759.61,2023-12-09
RD,A,S,2022,12,10,5,497.17,2023-12-09
CR,B,J,2022,12,10,5,0.0,2023-12-09
TG,A,J,2022,12,10,5,1443.6,2023-12-09
TG,C,J,2022,12,10,5,1836.36,2023-12-09
BC,C,S,2022,12,10,5,0.0,2023-12-09
TG,D,J,2022,12,10,5,1624.34,2023-12-09
RD,C,S,2022,12,10,5,0.0,2023-12-09
BC,A,S,2022,12,10,5,2242.19,2023-12-09
BC,B,S,2022,12,10,5,0.0,2023-12-09
CB,A,S,2022,12,10,5,0.0,2023-12-09
CR,E,S,2022,12,10,5,0.0,2023-12-09
BC,E,J,2022,12,10,5,2140.01,2023-12-09
RD,E,J,2022,12,10,5,6.5,2023-12-09
RD,D,J,2022,12,10,5,0.0,2023-12-09
TG,B,J,2022,12,10,5,1379.6,2023-12-09
CB,E,J,2022,12,10,5,0.0,2023-12-09
BC,D,J,2022,12,10,5,2109.39,2023-12-09
RD,A,J,2022,12,10,5,638.52,2023-12-09
CR,D,S,2022,12,10,5,0.0,2023-12-09
BC,C,J,2022,12,10,5,1750.69,2023-12-09
BC,A,J,2022,12,10,5,2248.36,2023-12-09
TG,E,S,2022,12,10,5,1570.89,2023-12-09
BC,B,J,2022,12,11,6,0.0,2023-12-10
CB,D,J,2022,12,11,6,0.0,2023-12-10
CB,A,J,2022,12,11,6,0.0,2023-12-10
CR,E,J,2022,12,11,6,0.0,2023-12-10
TG,A,S,2022,12,11,6,0.0,2023-12-10
TG,C,S,2022,12,11,6,0.0,2023-12-10
TG,D,S,2022,12,11,6,0.0,2023-12-10
RD,F,J,2022,12,11,6,0.0,2023-12-10
TG,E,J,2022,12,11,6,0.0,2023-12-10
CR,C,J,2022,12,11,6,0.0,2023-12-10
BC,E,S,2022,12,11,6,0.0,2023-12-10
CR,A,J,2022,12,11,6,0.0,2023-12-10
CR,D,J,2022,12,11,6,0.0,2023-12-10
RD,E,S,2022,12,11,6,0.0,2023-12-10
RD,D,S,2022,12,11,6,0.0,2023-12-10
CB,F,J,2022,12,11,6,0.0,2023-12-10
TG,B,S,2022,12,11,6,0.0,2023-12-10
RD,A,S,2022,12,11,6,0.0,2023-12-10
CR,B,J,2022,12,11,6,0.0,2023-12-10
TG,A,J,2022,12,11,6,0.0,2023-12-10
TG,C,J,2022,12,11,6,0.0,2023-12-10
BC,C,S,2022,12,11,6,0.0,2023-12-10
TG,D,J,2022,12,11,6,0.0,2023-12-10
RD,C,S,2022,12,11,6,0.0,2023-12-10
BC,A,S,2022,12,11,6,0.0,2023-12-10
BC,B,S,2022,12,11,6,0.0,2023-12-10
CB,A,S,2022,12,11,6,0.0,2023-12-10
CR,E,S,2022,12,11,6,0.0,2023-12-10
BC,E,J,2022,12,11,6,0.0,2023-12-10
RD,E,J,2022,12,11,6,0.0,2023-12-10
RD,D,J,2022,12,11,6,0.0,2023-12-10
TG,B,J,2022,12,11,6,0.0,2023-12-10
CB,E,J,2022,12,11,6,0.0,2023-12-10
BC,D,J,2022,12,11,6,0.0,2023-12-10
RD,A,J,2022,12,11,6,0.0,2023-12-10
CR,D,S,2022,12,11,6,0.0,2023-12-10
BC,C,J,2022,12,11,6,0.0,2023-12-10
BC,A,J,2022,12,11,6,0.0,2023-12-10
TG,E,S,2022,12,11,6,0.0,2023-12-10
BC,B,J,2022,12,12,0,2154.1,2023-12-11
CB,D,J,2022,12,12,0,28.2,2023-12-11
CB,A,J,2022,12,12,0,1100.63,2023-12-11
CR,E,J,2022,12,12,0,1820.75,2023-12-11
TG,A,S,2022,12,12,0,2054.03,2023-12-11
TG,C,S,2022,12,12,0,2247.57,2023-12-11
TG,D,S,2022,12,12,0,2011.65,2023-12-11
RD,F,J,2022,12,12,0,596.44,2023-12-11
TG,E,J,2022,12,12,0,1783.22,2023-12-11
CR,C,J,2022,12,12,0,0.0,2023-12-11
BC,E,S,2022,12,12,0,2099.5,2023-12-11
CR,A,J,2022,12,12,0,2046.56,2023-12-11
CR,D,J,2022,12,12,0,1086.27,2023-12-11
RD,E,S,2022,12,12,0,3.65,2023-12-11
RD,D,S,2022,12,12,0,421.14,2023-12-11
CB,F,J,2022,12,12,0,285.65,2023-12-11
TG,B,S,2022,12,12,0,1826.6,2023-12-11
RD,A,S,2022,12,12,0,443.88,2023-12-11
CR,B,J,2022,12,12,0,352.97,2023-12-11
TG,A,J,2022,12,12,0,1533.35,2023-12-11
TG,C,J,2022,12,12,0,2037.2,2023-12-11
BC,C,S,2022,12,12,0,0.0,2023-12-11
TG,D,J,2022,12,12,0,1808.11,2023-12-11
RD,C,S,2022,12,12,0,0.0,2023-12-11
BC,A,S,2022,12,12,0,2209.2,2023-12-11
BC,B,S,2022,12,12,0,0.0,2023-12-11
CB,A,S,2022,12,12,0,0.0,2023-12-11
CR,E,S,2022,12,12,0,0.0,2023-12-11
BC,E,J,2022,12,12,0,2265.5,2023-12-11
RD,E,J,2022,12,12,0,31.23,2023-12-11
RD,D,J,2022,12,12,0,62.52,2023-12-11
TG,B,J,2022,12,12,0,1558.01,2023-12-11
CB,E,J,2022,12,12,0,6.33,2023-12-11
BC,D,J,2022,12,12,0,2237.92,2023-12-11
RD,A,J,2022,12,12,0,731.98,2023-12-11
CR,D,S,2022,12,12,0,0.0,2023-12-11
BC,C,J,2022,12,12,0,1766.16,2023-12-11
BC,A,J,2022,12,12,0,2147.57,2023-12-11
TG,E,S,2022,12,12,0,1665.49,2023-12-11
BC,B,J,2022,12,13,1,2180.66,2023-12-12
CB,D,J,2022,12,13,1,0.0,2023-12-12
CB,A,J,2022,12,13,1,1104.85,2023-12-12
CR,E,J,2022,12,13,1,1783.48,2023-12-12
TG,A,S,2022,12,13,1,2347.94,2023-12-12
TG,C,S,2022,12,13,1,2281.01,2023-12-12
TG,D,S,2022,12,13,1,2034.27,2023-12-12
RD,F,J,2022,12,13,1,490.53,2023-12-12
TG,E,J,2022,12,13,1,1768.01,2023-12-12
CR,C,J,2022,12,13,1,0.0,2023-12-12
BC,E,S,2022,12,13,1,2178.55,2023-12-12
CR,A,J,2022,12,13,1,1940.4,2023-12-12
CR,D,J,2022,12,13,1,1336.5,2023-12-12
RD,E,S,2022,12,13,1,7.9,2023-12-12
RD,D,S,2022,12,13,1,431.64,2023-12-12
CB,F,J,2022,12,13,1,310.11,2023-12-12
TG,B,S,2022,12,13,1,1687.86,2023-12-12
RD,A,S,2022,12,13,1,488.27,2023-12-12
CR,B,J,2022,12,13,1,467.3,2023-12-12
TG,A,J,2022,12,13,1,1369.37,2023-12-12
TG,C,J,2022,12,13,1,1786.09,2023-12-12
BC,C,S,2022,12,13,1,0.0,2023-12-12
TG,D,J,2022,12,13,1,1577.68,2023-12-12
RD,C,S,2022,12,13,1,0.0,2023-12-12
BC,A,S,2022,12,13,1,2354.23,2023-12-12
BC,B,S,2022,12,13,1,0.0,2023-12-12
CB,A,S,2022,12,13,1,0.0,2023-12-12
CR,E,S,2022,12,13,1,0.0,2023-12-12
BC,E,J,2022,12,13,1,2236.31,2023-12-12
RD,E,J,2022,12,13,1,18.47,2023-12-12
RD,D,J,2022,12,13,1,6.14,2023-12-12
TG,B,J,2022,12,13,1,1653.24,2023-12-12
CB,E,J,2022,12,13,1,0.0,2023-12-12
BC,D,J,2022,12,13,1,2157.39,2023-12-12
RD,A,J,2022,12,13,1,732.96,2023-12-12
CR,D,S,2022,12,13,1,0.0,2023-12-12
BC,C,J,2022,12,13,1,1982.67,2023-12-12
BC,A,J,2022,12,13,1,2261.16,2023-12-12
TG,E,S,2022,12,13,1,1676.74,2023-12-12
BC,B,J,2022,12,14,2,2198.21,2023-12-13
CB,D,J,2022,12,14,2,0.0,2023-12-13
CB,A,J,2022,12,14,2,1174.22,2023-12-13
CR,E,J,2022,12,14,2,1539.57,2023-12-13
TG,A,S,2022,12,14,2,1984.96,2023-12-13
TG,C,S,2022,12,14,2,2228.05,2023-12-13
TG,D,S,2022,12,14,2,1650.64,2023-12-13
RD,F,J,2022,12,14,2,536.57,2023-12-13
TG,E,J,2022,12,14,2,1659.33,2023-12-13
CR,C,J,2022,12,14,2,21.58,2023-12-13
BC,E,S,2022,12,14,2,2159.48,2023-12-13
CR,A,J,2022,12,14,2,2068.65,2023-12-13
CR,D,J,2022,12,14,2,475.41,2023-12-13
RD,E,S,2022,12,14,2,22.4,2023-12-13
RD,D,S,2022,12,14,2,443.83,2023-12-13
CB,F,J,2022,12,14,2,187.78,2023-12-13
TG,B,S,2022,12,14,2,1665.6,2023-12-13
RD,A,S,2022,12,14,2,503.04,2023-12-13
CR,B,J,2022,12,14,2,199.21,2023-12-13
TG,A,J,2022,12,14,2,1749.73,2023-12-13
TG,C,J,2022,12,14,2,1713.64,2023-12-13
BC,C,S,2022,12,14,2,0.0,2023-12-13
TG,D,J,2022,12,14,2,1669.17,2023-12-13
RD,C,S,2022,12,14,2,0.0,2023-12-13
BC,A,S,2022,12,14,2,2243.06,2023-12-13
BC,B,S,2022,12,14,2,0.0,2023-12-13
CB,A,S,2022,12,14,2,0.0,2023-12-13
CR,E,S,2022,12,14,2,0.0,2023-12-13
BC,E,J,2022,12,14,2,2237.06,2023-12-13
RD,E,J,2022,12,14,2,6.19,2023-12-13
RD,D,J,2022,12,14,2,4.55,2023-12-13
TG,B,J,2022,12,14,2,1458.71,2023-12-13
CB,E,J,2022,12,14,2,7.5,2023-12-13
BC,D,J,2022,12,14,2,2152.85,2023-12-13
RD,A,J,2022,12,14,2,630.94,2023-12-13
CR,D,S,2022,12,14,2,0.0,2023-12-13
BC,C,J,2022,12,14,2,2085.98,2023-12-13
BC,A,J,2022,12,14,2,2166.9,2023-12-13
TG,E,S,2022,12,14,2,1587.32,2023-12-13
BC,B,J,2022,12,15,3,2029.72,2023-12-14
CB,D,J,2022,12,15,3,125.46,2023-12-14
CB,A,J,2022,12,15,3,1138.52,2023-12-14
CR,E,J,2022,12,15,3,1691.63,2023-12-14
TG,A,S,2022,12,15,3,1815.36,2023-12-14
TG,C,S,2022,12,15,3,2004.32,2023-12-14
TG,D,S,2022,12,15,3,1644.07,2023-12-14
RD,F,J,2022,12,15,3,597.26,2023-12-14
TG,E,J,2022,12,15,3,1593.04,2023-12-14
CR,C,J,2022,12,15,3,0.0,2023-12-14
BC,E,S,2022,12,15,3,2251.0,2023-12-14
CR,A,J,2022,12,15,3,2087.57,2023-12-14
CR,D,J,2022,12,15,3,1633.46,2023-12-14
RD,E,S,2022,12,15,3,410.51,2023-12-14
RD,D,S,2022,12,15,3,519.36,2023-12-14
CB,F,J,2022,12,15,3,432.66,2023-12-14
TG,B,S,2022,12,15,3,1647.06,2023-12-14
RD,A,S,2022,12,15,3,555.73,2023-12-14
CR,B,J,2022,12,15,3,916.23,2023-12-14
TG,A,J,2022,12,15,3,1594.57,2023-12-14
TG,C,J,2022,12,15,3,1718.71,2023-12-14
BC,C,S,2022,12,15,3,0.0,2023-12-14
TG,D,J,2022,12,15,3,1556.06,2023-12-14
RD,C,S,2022,12,15,3,0.0,2023-12-14
BC,A,S,2022,12,15,3,2165.49,2023-12-14
BC,B,S,2022,12,15,3,0.0,2023-12-14
CB,A,S,2022,12,15,3,9.49,2023-12-14
CR,E,S,2022,12,15,3,170.82,2023-12-14
BC,E,J,2022,12,15,3,2068.76,2023-12-14
RD,E,J,2022,12,15,3,140.87,2023-12-14
RD,D,J,2022,12,15,3,459.68,2023-12-14
TG,B,J,2022,12,15,3,1279.77,2023-12-14
CB,E,J,2022,12,15,3,41.73,2023-12-14
BC,D,J,2022,12,15,3,2101.38,2023-12-14
RD,A,J,2022,12,15,3,612.1,2023-12-14
CR,D,S,2022,12,15,3,9.49,2023-12-14
BC,C,J,2022,12,15,3,1796.51,2023-12-14
BC,A,J,2022,12,15,3,2061.74,2023-12-14
TG,E,S,2022,12,15,3,1199.34,2023-12-14
BC,B,J,2022,12,16,4,1986.24,2023-12-15
CB,D,J,2022,12,16,4,140.26,2023-12-15
CB,A,J,2022,12,16,4,1201.54,2023-12-15
CR,E,J,2022,12,16,4,1619.18,2023-12-15
TG,A,S,2022,12,16,4,2001.06,2023-12-15
TG,C,S,2022,12,16,4,2159.57,2023-12-15
TG,D,S,2022,12,16,4,1741.18,2023-12-15
RD,F,J,2022,12,16,4,556.52,2023-12-15
TG,E,J,2022,12,16,4,1361.36,2023-12-15
CR,C,J,2022,12,16,4,153.9,2023-12-15
BC,E,S,2022,12,16,4,2302.57,2023-12-15
CR,A,J,2022,12,16,4,2551.3,2023-12-15
CR,D,J,2022,12,16,4,1573.99,2023-12-15
RD,E,S,2022,12,16,4,49.38,2023-12-15
RD,D,S,2022,12,16,4,520.94,2023-12-15
CB,F,J,2022,12,16,4,361.87,2023-12-15
TG,B,S,2022,12,16,4,1475.28,2023-12-15
RD,A,S,2022,12,16,4,573.97,2023-12-15
CR,B,J,2022,12,16,4,521.69,2023-12-15
TG,A,J,2022,12,16,4,1287.78,2023-12-15
TG,C,J,2022,12,16,4,1677.28,2023-12-15
BC,C,S,2022,12,16,4,0.0,2023-12-15
TG,D,J,2022,12,16,4,1386.3,2023-12-15
RD,C,S,2022,12,16,4,0.0,2023-12-15
BC,A,S,2022,12,16,4,2406.99,2023-12-15
BC,B,S,2022,12,16,4,0.0,2023-12-15
CB,A,S,2022,12,16,4,0.0,2023-12-15
CR,E,S,2022,12,16,4,0.0,2023-12-15
BC,E,J,2022,12,16,4,2005.34,2023-12-15
RD,E,J,2022,12,16,4,190.1,2023-12-15
RD,D,J,2022,12,16,4,28.47,2023-12-15
TG,B,J,2022,12,16,4,1285.24,2023-12-15
CB,E,J,2022,12,16,4,569.5,2023-12-15
BC,D,J,2022,12,16,4,1890.4,2023-12-15
RD,A,J,2022,12,16,4,815.66,2023-12-15
CR,D,S,2022,12,16,4,0.0,2023-12-15
BC,C,J,2022,12,16,4,1618.4,2023-12-15
BC,A,J,2022,12,16,4,1883.05,2023-12-15
TG,E,S,2022,12,16,4,1577.95,2023-12-15
BC,B,J,2022,12,17,5,1790.13,2023-12-16
CB,D,J,2022,12,17,5,0.0,2023-12-16
CB,A,J,2022,12,17,5,832.5,2023-12-16
CR,E,J,2022,12,17,5,37.55,2023-12-16
TG,A,S,2022,12,17,5,2018.61,2023-12-16
TG,C,S,2022,12,17,5,1895.7,2023-12-16
TG,D,S,2022,12,17,5,1670.89,2023-12-16
RD,F,J,2022,12,17,5,523.19,2023-12-16
TG,E,J,2022,12,17,5,1388.34,2023-12-16
CR,C,J,2022,12,17,5,0.0,2023-12-16
BC,E,S,2022,12,17,5,1765.2,2023-12-16
CR,A,J,2022,12,17,5,74.88,2023-12-16
CR,D,J,2022,12,17,5,186.0,2023-12-16
RD,E,S,2022,12,17,5,353.91,2023-12-16
RD,D,S,2022,12,17,5,190.23,2023-12-16
CB,F,J,2022,12,17,5,174.34,2023-12-16
TG,B,S,2022,12,17,5,1535.4,2023-12-16
RD,A,S,2022,12,17,5,468.79,2023-12-16
CR,B,J,2022,12,17,5,0.0,2023-12-16
TG,A,J,2022,12,17,5,1571.46,2023-12-16
TG,C,J,2022,12,17,5,1702.5,2023-12-16
BC,C,S,2022,12,17,5,0.0,2023-12-16
TG,D,J,2022,12,17,5,1836.35,2023-12-16
RD,C,S,2022,12,17,5,0.0,2023-12-16
BC,A,S,2022,12,17,5,2038.19,2023-12-16
BC,B,S,2022,12,17,5,0.0,2023-12-16
CB,A,S,2022,12,17,5,0.0,2023-12-16
CR,E,S,2022,12,17,5,15.65,2023-12-16
BC,E,J,2022,12,17,5,1758.38,2023-12-16
RD,E,J,2022,12,17,5,0.0,2023-12-16
RD,D,J,2022,12,17,5,5.2,2023-12-16
TG,B,J,2022,12,17,5,1375.09,2023-12-16
CB,E,J,2022,12,17,5,0.0,2023-12-16
BC,D,J,2022,12,17,5,1721.03,2023-12-16
RD,A,J,2022,12,17,5,326.38,2023-12-16
CR,D,S,2022,12,17,5,156.5,2023-12-16
BC,C,J,2022,12,17,5,1698.48,2023-12-16
BC,A,J,2022,12,17,5,1921.74,2023-12-16
TG,E,S,2022,12,17,5,1582.02,2023-12-16
BC,B,J,2022,12,18,6,0.0,2023-12-17
CB,D,J,2022,12,18,6,0.0,2023-12-17
CB,A,J,2022,12,18,6,0.0,2023-12-17
CR,E,J,2022,12,18,6,0.0,2023-12-17
TG,A,S,2022,12,18,6,0.0,2023-12-17
TG,C,S,2022,12,18,6,0.0,2023-12-17
TG,D,S,2022,12,18,6,0.0,2023-12-17
RD,F,J,2022,12,18,6,0.0,2023-12-17
TG,E,J,2022,12,18,6,0.0,2023-12-17
CR,C,J,2022,12,18,6,0.0,2023-12-17
BC,E,S,2022,12,18,6,0.0,2023-12-17
CR,A,J,2022,12,18,6,0.0,2023-12-17
CR,D,J,2022,12,18,6,0.0,2023-12-17
RD,E,S,2022,12,18,6,0.0,2023-12-17
RD,D,S,2022,12,18,6,0.0,2023-12-17
CB,F,J,2022,12,18,6,0.0,2023-12-17
TG,B,S,2022,12,18,6,0.0,2023-12-17
RD,A,S,2022,12,18,6,0.0,2023-12-17
CR,B,J,2022,12,18,6,0.0,2023-12-17
TG,A,J,2022,12,18,6,0.0,2023-12-17
TG,C,J,2022,12,18,6,0.0,2023-12-17
BC,C,S,2022,12,18,6,0.0,2023-12-17
TG,D,J,2022,12,18,6,0.0,2023-12-17
RD,C,S,2022,12,18,6,0.0,2023-12-17
BC,A,S,2022,12,18,6,0.0,2023-12-17
BC,B,S,2022,12,18,6,0.0,2023-12-17
CB,A,S,2022,12,18,6,11.32,2023-12-17
CR,E,S,2022,12,18,6,407.52,2023-12-17
BC,E,J,2022,12,18,6,0.0,2023-12-17
RD,E,J,2022,12,18,6,0.0,2023-12-17
RD,D,J,2022,12,18,6,0.0,2023-12-17
TG,B,J,2022,12,18,6,0.0,2023-12-17
CB,E,J,2022,12,18,6,0.0,2023-12-17
BC,D,J,2022,12,18,6,0.0,2023-12-17
RD,A,J,2022,12,18,6,0.0,2023-12-17
CR,D,S,2022,12,18,6,0.0,2023-12-17
BC,C,J,2022,12,18,6,0.0,2023-12-17
BC,A,J,2022,12,18,6,0.0,2023-12-17
TG,E,S,2022,12,18,6,0.0,2023-12-17
BC,B,J,2022,12,19,0,2110.83,2023-12-18
CB,D,J,2022,12,19,0,0.0,2023-12-18
CB,A,J,2022,12,19,0,402.02,2023-12-18
CR,E,J,2022,12,19,0,1843.49,2023-12-18
TG,A,S,2022,12,19,0,2791.05,2023-12-18
TG,C,S,2022,12,19,0,3052.83,2023-12-18
TG,D,S,2022,12,19,0,2234.56,2023-12-18
RD,F,J,2022,12,19,0,610.0,2023-12-18
TG,E,J,2022,12,19,0,2505.79,2023-12-18
CR,C,J,2022,12,19,0,0.0,2023-12-18
BC,E,S,2022,12,19,0,805.98,2023-12-18
CR,A,J,2022,12,19,0,2902.69,2023-12-18
CR,D,J,2022,12,19,0,1081.69,2023-12-18
RD,E,S,2022,12,19,0,0.0,2023-12-18
RD,D,S,2022,12,19,0,629.48,2023-12-18
CB,F,J,2022,12,19,0,370.24,2023-12-18
TG,B,S,2022,12,19,0,2660.62,2023-12-18
RD,A,S,2022,12,19,0,626.57,2023-12-18
CR,B,J,2022,12,19,0,248.51,2023-12-18
TG,A,J,2022,12,19,0,2705.07,2023-12-18
TG,C,J,2022,12,19,0,3031.34,2023-12-18
BC,C,S,2022,12,19,0,115.0,2023-12-18
TG,D,J,2022,12,19,0,3632.86,2023-12-18
RD,C,S,2022,12,19,0,0.0,2023-12-18
BC,A,S,2022,12,19,0,998.18,2023-12-18
BC,B,S,2022,12,19,0,316.25,2023-12-18
CB,A,S,2022,12,19,0,0.0,2023-12-18
CR,E,S,2022,12,19,0,0.0,2023-12-18
BC,E,J,2022,12,19,0,2741.16,2023-12-18
RD,E,J,2022,12,19,0,31.23,2023-12-18
RD,D,J,2022,12,19,0,6.12,2023-12-18
TG,B,J,2022,12,19,0,2625.49,2023-12-18
CB,E,J,2022,12,19,0,13.0,2023-12-18
BC,D,J,2022,12,19,0,2430.69,2023-12-18
RD,A,J,2022,12,19,0,737.78,2023-12-18
CR,D,S,2022,12,19,0,0.0,2023-12-18
BC,C,J,2022,12,19,0,1729.82,2023-12-18
BC,A,J,2022,12,19,0,1808.23,2023-12-18
TG,E,S,2022,12,19,0,2798.5,2023-12-18
BC,B,J,2022,12,20,1,2063.02,2023-12-19
CB,D,J,2022,12,20,1,18.42,2023-12-19
CB,A,J,2022,12,20,1,899.0,2023-12-19
CR,E,J,2022,12,20,1,1975.69,2023-12-19
TG,A,S,2022,12,20,1,2384.98,2023-12-19
TG,C,S,2022,12,20,1,2274.67,2023-12-19
TG,D,S,2022,12,20,1,2238.64,2023-12-19
RD,F,J,2022,12,20,1,517.9,2023-12-19
TG,E,J,2022,12,20,1,2148.27,2023-12-19
CR,C,J,2022,12,20,1,44.16,2023-12-19
BC,E,S,2022,12,20,1,1976.14,2023-12-19
CR,A,J,2022,12,20,1,2245.69,2023-12-19
CR,D,J,2022,12,20,1,1882.69,2023-12-19
RD,E,S,2022,12,20,1,207.25,2023-12-19
RD,D,S,2022,12,20,1,572.38,2023-12-19
CB,F,J,2022,12,20,1,313.15,2023-12-19
TG,B,S,2022,12,20,1,2105.58,2023-12-19
RD,A,S,2022,12,20,1,568.01,2023-12-19
CR,B,J,2022,12,20,1,568.21,2023-12-19
TG,A,J,2022,12,20,1,1829.32,2023-12-19
TG,C,J,2022,12,20,1,2458.27,2023-12-19
BC,C,S,2022,12,20,1,1381.25,2023-12-19
TG,D,J,2022,12,20,1,1886.49,2023-12-19
RD,C,S,2022,12,20,1,0.0,2023-12-19
BC,A,S,2022,12,20,1,2226.8,2023-12-19
BC,B,S,2022,12,20,1,233.75,2023-12-19
CB,A,S,2022,12,20,1,0.0,2023-12-19
CR,E,S,2022,12,20,1,0.0,2023-12-19
BC,E,J,2022,12,20,1,1947.94,2023-12-19
RD,E,J,2022,12,20,1,356.17,2023-12-19
RD,D,J,2022,12,20,1,92.1,2023-12-19
TG,B,J,2022,12,20,1,1893.77,2023-12-19
CB,E,J,2022,12,20,1,67.54,2023-12-19
BC,D,J,2022,12,20,1,1978.36,2023-12-19
RD,A,J,2022,12,20,1,652.8,2023-12-19
CR,D,S,2022,12,20,1,0.0,2023-12-19
BC,C,J,2022,12,20,1,1831.97,2023-12-19
BC,A,J,2022,12,20,1,2040.44,2023-12-19
TG,E,S,2022,12,20,1,2120.89,2023-12-19
BC,B,J,2022,12,21,2,2108.02,2023-12-20
CB,D,J,2022,12,21,2,63.45,2023-12-20
CB,A,J,2022,12,21,2,1012.17,2023-12-20
CR,E,J,2022,12,21,2,2112.24,2023-12-20
TG,A,S,2022,12,21,2,2401.91,2023-12-20
TG,C,S,2022,12,21,2,2504.6,2023-12-20
TG,D,S,2022,12,21,2,2150.65,2023-12-20
RD,F,J,2022,12,21,2,489.95,2023-12-20
TG,E,J,2022,12,21,2,2264.38,2023-12-20
CR,C,J,2022,12,21,2,114.54,2023-12-20
BC,E,S,2022,12,21,2,2172.44,2023-12-20
CR,A,J,2022,12,21,2,2245.38,2023-12-20
CR,D,J,2022,12,21,2,1830.16,2023-12-20
RD,E,S,2022,12,21,2,59.53,2023-12-20
RD,D,S,2022,12,21,2,489.79,2023-12-20
CB,F,J,2022,12,21,2,71.87,2023-12-20
TG,B,S,2022,12,21,2,1812.82,2023-12-20
RD,A,S,2022,12,21,2,576.28,2023-12-20
CR,B,J,2022,12,21,2,839.25,2023-12-20
TG,A,J,2022,12,21,2,1903.73,2023-12-20
TG,C,J,2022,12,21,2,2268.49,2023-12-20
BC,C,S,2022,12,21,2,0.0,2023-12-20
TG,D,J,2022,12,21,2,2320.28,2023-12-20
RD,C,S,2022,12,21,2,0.0,2023-12-20
BC,A,S,2022,12,21,2,2132.62,2023-12-20
BC,B,S,2022,12,21,2,0.0,2023-12-20
CB,A,S,2022,12,21,2,0.0,2023-12-20
CR,E,S,2022,12,21,2,0.0,2023-12-20
BC,E,J,2022,12,21,2,1985.2,2023-12-20
RD,E,J,2022,12,21,2,458.84,2023-12-20
RD,D,J,2022,12,21,2,416.99,2023-12-20
TG,B,J,2022,12,21,2,1717.29,2023-12-20
CB,E,J,2022,12,21,2,53.39,2023-12-20
BC,D,J,2022,12,21,2,1856.67,2023-12-20
RD,A,J,2022,12,21,2,673.68,2023-12-20
CR,D,S,2022,12,21,2,0.0,2023-12-20
BC,C,J,2022,12,21,2,1746.79,2023-12-20
BC,A,J,2022,12,21,2,2093.09,2023-12-20
TG,E,S,2022,12,21,2,1680.59,2023-12-20
BC,B,J,2022,12,22,3,2388.87,2023-12-21
CB,D,J,2022,12,22,3,59.42,2023-12-21
CB,A,J,2022,12,22,3,1061.36,2023-12-21
CR,E,J,2022,12,22,3,2080.8,2023-12-21
TG,A,S,2022,12,22,3,2541.17,2023-12-21
TG,C,S,2022,12,22,3,2346.92,2023-12-21
TG,D,S,2022,12,22,3,2549.08,2023-12-21
RD,F,J,2022,12,22,3,631.53,2023-12-21
TG,E,J,2022,12,22,3,2497.94,2023-12-21
CR,C,J,2022,12,22,3,146.33,2023-12-21
BC,E,S,2022,12,22,3,2563.4,2023-12-21
CR,A,J,2022,12,22,3,2340.57,2023-12-21
CR,D,J,2022,12,22,3,1992.19,2023-12-21
RD,E,S,2022,12,22,3,0.0,2023-12-21
RD,D,S,2022,12,22,3,587.46,2023-12-21
CB,F,J,2022,12,22,3,543.36,2023-12-21
TG,B,S,2022,12,22,3,1987.84,2023-12-21
RD,A,S,2022,12,22,3,578.58,2023-12-21
CR,B,J,2022,12,22,3,1938.03,2023-12-21
TG,A,J,2022,12,22,3,2143.21,2023-12-21
TG,C,J,2022,12,22,3,2174.99,2023-12-21
BC,C,S,2022,12,22,3,0.0,2023-12-21
TG,D,J,2022,12,22,3,2656.23,2023-12-21
RD,C,S,2022,12,22,3,0.0,2023-12-21
BC,A,S,2022,12,22,3,2475.33,2023-12-21
BC,B,S,2022,12,22,3,0.0,2023-12-21
CB,A,S,2022,12,22,3,534.6,2023-12-21
CR,E,S,2022,12,22,3,1117.8,2023-12-21
BC,E,J,2022,12,22,3,2438.66,2023-12-21
RD,E,J,2022,12,22,3,428.64,2023-12-21
RD,D,J,2022,12,22,3,149.75,2023-12-21
TG,B,J,2022,12,22,3,1873.77,2023-12-21
CB,E,J,2022,12,22,3,120.42,2023-12-21
BC,D,J,2022,12,22,3,2252.89,2023-12-21
RD,A,J,2022,12,22,3,730.75,2023-12-21
CR,D,S,2022,12,22,3,1628.1,2023-12-21
BC,C,J,2022,12,22,3,1953.23,2023-12-21
BC,A,J,2022,12,22,3,2256.02,2023-12-21
TG,E,S,2022,12,22,3,1593.31,2023-12-21
BC,B,J,2022,12,23,4,2710.97,2023-12-22
CB,D,J,2022,12,23,4,225.66,2023-12-22
CB,A,J,2022,12,23,4,1216.68,2023-12-22
CR,E,J,2022,12,23,4,1988.74,2023-12-22
TG,A,S,2022,12,23,4,2345.82,2023-12-22
TG,C,S,2022,12,23,4,2567.6,2023-12-22
TG,D,S,2022,12,23,4,2293.27,2023-12-22
RD,F,J,2022,12,23,4,704.77,2023-12-22
TG,E,J,2022,12,23,4,1964.31,2023-12-22
CR,C,J,2022,12,23,4,1417.58,2023-12-22
BC,E,S,2022,12,23,4,3294.14,2023-12-22
CR,A,J,2022,12,23,4,2361.37,2023-12-22
CR,D,J,2022,12,23,4,2092.06,2023-12-22
RD,E,S,2022,12,23,4,18.17,2023-12-22
RD,D,S,2022,12,23,4,633.24,2023-12-22
CB,F,J,2022,12,23,4,844.13,2023-12-22
TG,B,S,2022,12,23,4,2464.77,2023-12-22
RD,A,S,2022,12,23,4,627.61,2023-12-22
CR,B,J,2022,12,23,4,1979.32,2023-12-22
TG,A,J,2022,12,23,4,1787.21,2023-12-22
TG,C,J,2022,12,23,4,2175.95,2023-12-22
BC,C,S,2022,12,23,4,0.0,2023-12-22
TG,D,J,2022,12,23,4,1823.79,2023-12-22
RD,C,S,2022,12,23,4,0.0,2023-12-22
BC,A,S,2022,12,23,4,3083.97,2023-12-22
BC,B,S,2022,12,23,4,0.0,2023-12-22
CB,A,S,2022,12,23,4,0.0,2023-12-22
CR,E,S,2022,12,23,4,0.0,2023-12-22
BC,E,J,2022,12,23,4,3126.41,2023-12-22
RD,E,J,2022,12,23,4,347.84,2023-12-22
RD,D,J,2022,12,23,4,448.84,2023-12-22
TG,B,J,2022,12,23,4,1645.84,2023-12-22
CB,E,J,2022,12,23,4,142.14,2023-12-22
BC,D,J,2022,12,23,4,3026.11,2023-12-22
RD,A,J,2022,12,23,4,743.4,2023-12-22
CR,D,S,2022,12,23,4,0.0,2023-12-22
BC,C,J,2022,12,23,4,2755.56,2023-12-22
BC,A,J,2022,12,23,4,3005.73,2023-12-22
TG,E,S,2022,12,23,4,1934.68,2023-12-22
BC,B,J,2022,12,24,5,3039.93,2023-12-23
CB,D,J,2022,12,24,5,387.0,2023-12-23
CB,A,J,2022,12,24,5,805.14,2023-12-23
CR,E,J,2022,12,24,5,137.45,2023-12-23
TG,A,S,2022,12,24,5,2381.34,2023-12-23
TG,C,S,2022,12,24,5,2071.66,2023-12-23
TG,D,S,2022,12,24,5,1915.9,2023-12-23
RD,F,J,2022,12,24,5,595.98,2023-12-23
TG,E,J,2022,12,24,5,2164.52,2023-12-23
CR,C,J,2022,12,24,5,47.28,2023-12-23
BC,E,S,2022,12,24,5,4012.42,2023-12-23
CR,A,J,2022,12,24,5,58.92,2023-12-23
CR,D,J,2022,12,24,5,1371.12,2023-12-23
RD,E,S,2022,12,24,5,198.53,2023-12-23
RD,D,S,2022,12,24,5,613.57,2023-12-23
CB,F,J,2022,12,24,5,142.54,2023-12-23
TG,B,S,2022,12,24,5,2099.55,2023-12-23
RD,A,S,2022,12,24,5,692.63,2023-12-23
CR,B,J,2022,12,24,5,236.4,2023-12-23
TG,A,J,2022,12,24,5,1894.68,2023-12-23
TG,C,J,2022,12,24,5,2188.48,2023-12-23
BC,C,S,2022,12,24,5,0.0,2023-12-23
TG,D,J,2022,12,24,5,1746.59,2023-12-23
RD,C,S,2022,12,24,5,0.0,2023-12-23
BC,A,S,2022,12,24,5,3882.26,2023-12-23
BC,B,S,2022,12,24,5,0.0,2023-12-23
CB,A,S,2022,12,24,5,0.0,2023-12-23
CR,E,S,2022,12,24,5,0.0,2023-12-23
BC,E,J,2022,12,24,5,3686.5,2023-12-23
RD,E,J,2022,12,24,5,87.5,2023-12-23
RD,D,J,2022,12,24,5,36.0,2023-12-23
TG,B,J,2022,12,24,5,1699.91,2023-12-23
CB,E,J,2022,12,24,5,558.0,2023-12-23
BC,D,J,2022,12,24,5,3711.75,2023-12-23
RD,A,J,2022,12,24,5,80.75,2023-12-23
CR,D,S,2022,12,24,5,0.0,2023-12-23
BC,C,J,2022,12,24,5,1118.3,2023-12-23
BC,A,J,2022,12,24,5,3548.34,2023-12-23
TG,E,S,2022,12,24,5,2053.5,2023-12-23
BC,B,J,2022,12,25,6,0.0,2023-12-24
CB,D,J,2022,12,25,6,0.0,2023-12-24
CB,A,J,2022,12,25,6,0.0,2023-12-24
CR,E,J,2022,12,25,6,0.0,2023-12-24
TG,A,S,2022,12,25,6,0.0,2023-12-24
TG,C,S,2022,12,25,6,0.0,2023-12-24
TG,D,S,2022,12,25,6,0.0,2023-12-24
RD,F,J,2022,12,25,6,0.0,2023-12-24
TG,E,J,2022,12,25,6,0.0,2023-12-24
CR,C,J,2022,12,25,6,0.0,2023-12-24
BC,E,S,2022,12,25,6,0.0,2023-12-24
CR,A,J,2022,12,25,6,0.0,2023-12-24
CR,D,J,2022,12,25,6,0.0,2023-12-24
RD,E,S,2022,12,25,6,100.4,2023-12-24
RD,D,S,2022,12,25,6,30.23,2023-12-24
CB,F,J,2022,12,25,6,0.0,2023-12-24
TG,B,S,2022,12,25,6,0.0,2023-12-24
RD,A,S,2022,12,25,6,13.34,2023-12-24
CR,B,J,2022,12,25,6,0.0,2023-12-24
TG,A,J,2022,12,25,6,0.0,2023-12-24
TG,C,J,2022,12,25,6,0.0,2023-12-24
BC,C,S,2022,12,25,6,0.0,2023-12-24
TG,D,J,2022,12,25,6,0.0,2023-12-24
RD,C,S,2022,12,25,6,0.0,2023-12-24
BC,A,S,2022,12,25,6,0.0,2023-12-24
BC,B,S,2022,12,25,6,0.0,2023-12-24
CB,A,S,2022,12,25,6,0.0,2023-12-24
CR,E,S,2022,12,25,6,71.28,2023-12-24
BC,E,J,2022,12,25,6,0.0,2023-12-24
RD,E,J,2022,12,25,6,0.0,2023-12-24
RD,D,J,2022,12,25,6,0.0,2023-12-24
TG,B,J,2022,12,25,6,0.0,2023-12-24
CB,E,J,2022,12,25,6,0.0,2023-12-24
BC,D,J,2022,12,25,6,0.0,2023-12-24
RD,A,J,2022,12,25,6,0.0,2023-12-24
CR,D,S,2022,12,25,6,0.0,2023-12-24
BC,C,J,2022,12,25,6,0.0,2023-12-24
BC,A,J,2022,12,25,6,0.0,2023-12-24
TG,E,S,2022,12,25,6,0.0,2023-12-24
BC,B,J,2022,12,26,0,2346.82,2023-12-25
CB,D,J,2022,12,26,0,225.08,2023-12-25
CB,A,J,2022,12,26,0,1076.34,2023-12-25
CR,E,J,2022,12,26,0,1928.82,2023-12-25
TG,A,S,2022,12,26,0,2361.4,2023-12-25
TG,C,S,2022,12,26,0,2534.99,2023-12-25
TG,D,S,2022,12,26,0,2610.78,2023-12-25
RD,F,J,2022,12,26,0,600.37,2023-12-25
TG,E,J,2022,12,26,0,2047.66,2023-12-25
CR,C,J,2022,12,26,0,0.0,2023-12-25
BC,E,S,2022,12,26,0,2154.83,2023-12-25
CR,A,J,2022,12,26,0,2341.63,2023-12-25
CR,D,J,2022,12,26,0,1058.49,2023-12-25
RD,E,S,2022,12,26,0,12.49,2023-12-25
RD,D,S,2022,12,26,0,603.84,2023-12-25
CB,F,J,2022,12,26,0,523.08,2023-12-25
TG,B,S,2022,12,26,0,2159.77,2023-12-25
RD,A,S,2022,12,26,0,607.8,2023-12-25
CR,B,J,2022,12,26,0,230.47,2023-12-25
TG,A,J,2022,12,26,0,2048.23,2023-12-25
TG,C,J,2022,12,26,0,2395.67,2023-12-25
BC,C,S,2022,12,26,0,0.0,2023-12-25
TG,D,J,2022,12,26,0,2150.28,2023-12-25
RD,C,S,2022,12,26,0,0.0,2023-12-25
BC,A,S,2022,12,26,0,2599.03,2023-12-25
BC,B,S,2022,12,26,0,0.0,2023-12-25
CB,A,S,2022,12,26,0,0.0,2023-12-25
CR,E,S,2022,12,26,0,0.0,2023-12-25
BC,E,J,2022,12,26,0,2451.87,2023-12-25
RD,E,J,2022,12,26,0,416.16,2023-12-25
RD,D,J,2022,12,26,0,359.93,2023-12-25
TG,B,J,2022,12,26,0,1978.73,2023-12-25
CB,E,J,2022,12,26,0,285.9,2023-12-25
BC,D,J,2022,12,26,0,2479.93,2023-12-25
RD,A,J,2022,12,26,0,724.86,2023-12-25
CR,D,S,2022,12,26,0,0.0,2023-12-25
BC,C,J,2022,12,26,0,1778.68,2023-12-25
BC,A,J,2022,12,26,0,2480.41,2023-12-25
TG,E,S,2022,12,26,0,2118.64,2023-12-25
BC,B,J,2022,12,27,1,2047.18,2023-12-26
CB,D,J,2022,12,27,1,53.53,2023-12-26
CB,A,J,2022,12,27,1,1079.44,2023-12-26
CR,E,J,2022,12,27,1,2161.65,2023-12-26
TG,A,S,2022,12,27,1,2330.59,2023-12-26
TG,C,S,2022,12,27,1,2336.78,2023-12-26
TG,D,S,2022,12,27,1,2435.11,2023-12-26
RD,F,J,2022,12,27,1,660.2,2023-12-26
TG,E,J,2022,12,27,1,2027.99,2023-12-26
CR,C,J,2022,12,27,1,339.93,2023-12-26
BC,E,S,2022,12,27,1,2102.48,2023-12-26
CR,A,J,2022,12,27,1,2143.47,2023-12-26
CR,D,J,2022,12,27,1,2070.6,2023-12-26
RD,E,S,2022,12,27,1,167.75,2023-12-26
RD,D,S,2022,12,27,1,573.82,2023-12-26
CB,F,J,2022,12,27,1,553.2,2023-12-26
TG,B,S,2022,12,27,1,2109.58,2023-12-26
RD,A,S,2022,12,27,1,614.99,2023-12-26
CR,B,J,2022,12,27,1,1874.97,2023-12-26
TG,A,J,2022,12,27,1,1852.36,2023-12-26
TG,C,J,2022,12,27,1,2010.9,2023-12-26
BC,C,S,2022,12,27,1,0.0,2023-12-26
TG,D,J,2022,12,27,1,2214.88,2023-12-26
RD,C,S,2022,12,27,1,0.0,2023-12-26
BC,A,S,2022,12,27,1,2302.77,2023-12-26
BC,B,S,2022,12,27,1,0.0,2023-12-26
CB,A,S,2022,12,27,1,0.0,2023-12-26
CR,E,S,2022,12,27,1,0.0,2023-12-26
BC,E,J,2022,12,27,1,1999.07,2023-12-26
RD,E,J,2022,12,27,1,97.36,2023-12-26
RD,D,J,2022,12,27,1,128.02,2023-12-26
TG,B,J,2022,12,27,1,1752.95,2023-12-26
CB,E,J,2022,12,27,1,61.7,2023-12-26
BC,D,J,2022,12,27,1,2028.99,2023-12-26
RD,A,J,2022,12,27,1,632.92,2023-12-26
CR,D,S,2022,12,27,1,0.0,2023-12-26
BC,C,J,2022,12,27,1,1743.08,2023-12-26
BC,A,J,2022,12,27,1,2206.66,2023-12-26
TG,E,S,2022,12,27,1,2146.06,2023-12-26
BC,B,J,2022,12,28,2,2136.06,2023-12-27
CB,D,J,2022,12,28,2,53.55,2023-12-27
CB,A,J,2022,12,28,2,1141.79,2023-12-27
CR,E,J,2022,12,28,2,1977.14,2023-12-27
TG,A,S,2022,12,28,2,2238.31,2023-12-27
TG,C,S,2022,12,28,2,2417.58,2023-12-27
TG,D,S,2022,12,28,2,2388.57,2023-12-27
RD,F,J,2022,12,28,2,533.86,2023-12-27
TG,E,J,2022,12,28,2,2360.83,2023-12-27
CR,C,J,2022,12,28,2,1402.69,2023-12-27
BC,E,S,2022,12,28,2,2126.34,2023-12-27
CR,A,J,2022,12,28,2,2288.3,2023-12-27
CR,D,J,2022,12,28,2,1884.12,2023-12-27
RD,E,S,2022,12,28,2,116.37,2023-12-27
RD,D,S,2022,12,28,2,541.14,2023-12-27
CB,F,J,2022,12,28,2,427.07,2023-12-27
TG,B,S,2022,12,28,2,2137.52,2023-12-27
RD,A,S,2022,12,28,2,593.53,2023-12-27
CR,B,J,2022,12,28,2,1236.71,2023-12-27
TG,A,J,2022,12,28,2,2051.72,2023-12-27
TG,C,J,2022,12,28,2,2111.54,2023-12-27
BC,C,S,2022,12,28,2,0.0,2023-12-27
TG,D,J,2022,12,28,2,2065.25,2023-12-27
RD,C,S,2022,12,28,2,0.0,2023-12-27
BC,A,S,2022,12,28,2,2166.84,2023-12-27
BC,B,S,2022,12,28,2,0.0,2023-12-27
CB,A,S,2022,12,28,2,0.0,2023-12-27
CR,E,S,2022,12,28,2,142.72,2023-12-27
BC,E,J,2022,12,28,2,2009.85,2023-12-27
RD,E,J,2022,12,28,2,137.3,2023-12-27
RD,D,J,2022,12,28,2,369.17,2023-12-27
TG,B,J,2022,12,28,2,2165.96,2023-12-27
CB,E,J,2022,12,28,2,22.75,2023-12-27
BC,D,J,2022,12,28,2,2039.8,2023-12-27
RD,A,J,2022,12,28,2,659.55,2023-12-27
CR,D,S,2022,12,28,2,0.0,2023-12-27
BC,C,J,2022,12,28,2,1778.09,2023-12-27
BC,A,J,2022,12,28,2,2077.44,2023-12-27
TG,E,S,2022,12,28,2,2063.65,2023-12-27
BC,B,J,2022,12,29,3,2426.02,2023-12-28
CB,D,J,2022,12,29,3,676.28,2023-12-28
CB,A,J,2022,12,29,3,1222.22,2023-12-28
CR,E,J,2022,12,29,3,2117.81,2023-12-28
TG,A,S,2022,12,29,3,2517.78,2023-12-28
TG,C,S,2022,12,29,3,2368.46,2023-12-28
TG,D,S,2022,12,29,3,2196.37,2023-12-28
RD,F,J,2022,12,29,3,615.22,2023-12-28
TG,E,J,2022,12,29,3,2287.42,2023-12-28
CR,C,J,2022,12,29,3,178.24,2023-12-28
BC,E,S,2022,12,29,3,2448.12,2023-12-28
CR,A,J,2022,12,29,3,2417.24,2023-12-28
CR,D,J,2022,12,29,3,2150.79,2023-12-28
RD,E,S,2022,12,29,3,74.41,2023-12-28
RD,D,S,2022,12,29,3,510.11,2023-12-28
CB,F,J,2022,12,29,3,518.69,2023-12-28
TG,B,S,2022,12,29,3,2077.98,2023-12-28
RD,A,S,2022,12,29,3,599.56,2023-12-28
CR,B,J,2022,12,29,3,2263.41,2023-12-28
TG,A,J,2022,12,29,3,2221.23,2023-12-28
TG,C,J,2022,12,29,3,2273.68,2023-12-28
BC,C,S,2022,12,29,3,0.0,2023-12-28
TG,D,J,2022,12,29,3,2239.6,2023-12-28
RD,C,S,2022,12,29,3,0.0,2023-12-28
BC,A,S,2022,12,29,3,2469.68,2023-12-28
BC,B,S,2022,12,29,3,0.0,2023-12-28
CB,A,S,2022,12,29,3,0.0,2023-12-28
CR,E,S,2022,12,29,3,0.0,2023-12-28
BC,E,J,2022,12,29,3,2207.74,2023-12-28
RD,E,J,2022,12,29,3,618.76,2023-12-28
RD,D,J,2022,12,29,3,557.97,2023-12-28
TG,B,J,2022,12,29,3,1933.22,2023-12-28
CB,E,J,2022,12,29,3,808.04,2023-12-28
BC,D,J,2022,12,29,3,2337.08,2023-12-28
RD,A,J,2022,12,29,3,668.14,2023-12-28
CR,D,S,2022,12,29,3,0.0,2023-12-28
BC,C,J,2022,12,29,3,1827.44,2023-12-28
BC,A,J,2022,12,29,3,2151.34,2023-12-28
TG,E,S,2022,12,29,3,1495.1,2023-12-28
BC,B,J,2022,12,30,4,2382.02,2023-12-29
CB,D,J,2022,12,30,4,180.97,2023-12-29
CB,A,J,2022,12,30,4,1227.13,2023-12-29
CR,E,J,2022,12,30,4,1835.21,2023-12-29
TG,A,S,2022,12,30,4,2409.93,2023-12-29
TG,C,S,2022,12,30,4,2630.15,2023-12-29
TG,D,S,2022,12,30,4,2473.87,2023-12-29
RD,F,J,2022,12,30,4,580.48,2023-12-29
TG,E,J,2022,12,30,4,2179.26,2023-12-29
CR,C,J,2022,12,30,4,210.56,2023-12-29
BC,E,S,2022,12,30,4,2772.32,2023-12-29
CR,A,J,2022,12,30,4,2383.97,2023-12-29
CR,D,J,2022,12,30,4,1856.05,2023-12-29
RD,E,S,2022,12,30,4,73.86,2023-12-29
RD,D,S,2022,12,30,4,638.39,2023-12-29
CB,F,J,2022,12,30,4,480.59,2023-12-29
TG,B,S,2022,12,30,4,2435.79,2023-12-29
RD,A,S,2022,12,30,4,657.91,2023-12-29
CR,B,J,2022,12,30,4,1273.48,2023-12-29
TG,A,J,2022,12,30,4,2158.97,2023-12-29
TG,C,J,2022,12,30,4,2168.17,2023-12-29
BC,C,S,2022,12,30,4,0.0,2023-12-29
TG,D,J,2022,12,30,4,2340.56,2023-12-29
RD,C,S,2022,12,30,4,0.0,2023-12-29
BC,A,S,2022,12,30,4,2409.37,2023-12-29
BC,B,S,2022,12,30,4,0.0,2023-12-29
CB,A,S,2022,12,30,4,0.0,2023-12-29
CR,E,S,2022,12,30,4,0.0,2023-12-29
BC,E,J,2022,12,30,4,2487.76,2023-12-29
RD,E,J,2022,12,30,4,582.23,2023-12-29
RD,D,J,2022,12,30,4,503.76,2023-12-29
TG,B,J,2022,12,30,4,1908.74,2023-12-29
CB,E,J,2022,12,30,4,287.83,2023-12-29
BC,D,J,2022,12,30,4,2439.78,2023-12-29
RD,A,J,2022,12,30,4,629.36,2023-12-29
CR,D,S,2022,12,30,4,0.0,2023-12-29
BC,C,J,2022,12,30,4,1751.46,2023-12-29
BC,A,J,2022,12,30,4,1933.6,2023-12-29
TG,E,S,2022,12,30,4,2201.76,2023-12-29
BC,B,J,2022,12,31,5,2392.49,2023-12-30
CB,D,J,2022,12,31,5,26.0,2023-12-30
CB,A,J,2022,12,31,5,327.45,2023-12-30
CR,E,J,2022,12,31,5,61.19,2023-12-30
TG,A,S,2022,12,31,5,2449.62,2023-12-30
TG,C,S,2022,12,31,5,2411.98,2023-12-30
TG,D,S,2022,12,31,5,2250.32,2023-12-30
RD,F,J,2022,12,31,5,598.75,2023-12-30
TG,E,J,2022,12,31,5,1981.59,2023-12-30
CR,C,J,2022,12,31,5,0.0,2023-12-30
BC,E,S,2022,12,31,5,2130.28,2023-12-30
CR,A,J,2022,12,31,5,59.89,2023-12-30
CR,D,J,2022,12,31,5,255.32,2023-12-30
RD,E,S,2022,12,31,5,17.06,2023-12-30
RD,D,S,2022,12,31,5,554.72,2023-12-30
CB,F,J,2022,12,31,5,397.18,2023-12-30
TG,B,S,2022,12,31,5,2287.56,2023-12-30
RD,A,S,2022,12,31,5,620.24,2023-12-30
CR,B,J,2022,12,31,5,0.0,2023-12-30
TG,A,J,2022,12,31,5,1874.82,2023-12-30
TG,C,J,2022,12,31,5,2031.46,2023-12-30
BC,C,S,2022,12,31,5,0.0,2023-12-30
TG,D,J,2022,12,31,5,1859.02,2023-12-30
RD,C,S,2022,12,31,5,0.0,2023-12-30
BC,A,S,2022,12,31,5,2512.41,2023-12-30
BC,B,S,2022,12,31,5,450.0,2023-12-30
CB,A,S,2022,12,31,5,0.0,2023-12-30
CR,E,S,2022,12,31,5,104.0,2023-12-30
BC,E,J,2022,12,31,5,2396.84,2023-12-30
RD,E,J,2022,12,31,5,416.0,2023-12-30
RD,D,J,2022,12,31,5,361.39,2023-12-30
TG,B,J,2022,12,31,5,1668.08,2023-12-30
CB,E,J,2022,12,31,5,84.73,2023-12-30
BC,D,J,2022,12,31,5,2358.45,2023-12-30
RD,A,J,2022,12,31,5,359.33,2023-12-30
CR,D,S,2022,12,31,5,0.0,2023-12-30
BC,C,J,2022,12,31,5,853.62,2023-12-30
BC,A,J,2022,12,31,5,2245.4,2023-12-30
TG,E,S,2022,12,31,5,1914.0,2023-12-30
BC,B,J,2023,1,1,6,0.0,2023-12-31
CB,D,J,2023,1,1,6,0.0,2023-12-31
CB,A,J,2023,1,1,6,0.0,2023-12-31
CR,E,J,2023,1,1,6,0.0,2023-12-31
TG,A,S,2023,1,1,6,0.0,2023-12-31
TG,C,S,2023,1,1,6,0.0,2023-12-31
TG,D,S,2023,1,1,6,0.0,2023-12-31
RD,F,J,2023,1,1,6,0.0,2023-12-31
TG,E,J,2023,1,1,6,0.0,2023-12-31
CR,C,J,2023,1,1,6,0.0,2023-12-31
BC,E,S,2023,1,1,6,0.0,2023-12-31
CR,A,J,2023,1,1,6,0.0,2023-12-31
CR,D,J,2023,1,1,6,0.0,2023-12-31
RD,E,S,2023,1,1,6,0.0,2023-12-31
RD,D,S,2023,1,1,6,0.0,2023-12-31
CB,F,J,2023,1,1,6,0.0,2023-12-31
TG,B,S,2023,1,1,6,0.0,2023-12-31
RD,A,S,2023,1,1,6,0.0,2023-12-31
CR,B,J,2023,1,1,6,0.0,2023-12-31
TG,A,J,2023,1,1,6,0.0,2023-12-31
TG,C,J,2023,1,1,6,0.0,2023-12-31
BC,C,S,2023,1,1,6,0.0,2023-12-31
TG,D,J,2023,1,1,6,0.0,2023-12-31
RD,C,S,2023,1,1,6,0.0,2023-12-31
BC,A,S,2023,1,1,6,0.0,2023-12-31
BC,B,S,2023,1,1,6,0.0,2023-12-31
CB,A,S,2023,1,1,6,0.0,2023-12-31
CR,E,S,2023,1,1,6,0.0,2023-12-31
BC,E,J,2023,1,1,6,0.0,2023-12-31
RD,E,J,2023,1,1,6,0.0,2023-12-31
RD,D,J,2023,1,1,6,0.0,2023-12-31
TG,B,J,2023,1,1,6,0.0,2023-12-31
CB,E,J,2023,1,1,6,0.0,2023-12-31
BC,D,J,2023,1,1,6,0.0,2023-12-31
RD,A,J,2023,1,1,6,0.0,2023-12-31
CR,D,S,2023,1,1,6,0.0,2023-12-31
BC,C,J,2023,1,1,6,0.0,2023-12-31
BC,A,J,2023,1,1,6,0.0,2023-12-31
TG,E,S,2023,1,1,6,0.0,2023-12-31
